{"strategy":{"SampleStrategy":{"trades":[{"pair":"ETH/USDT:USDT","stake_amount":328.56634,"max_stake_amount":328.56634,"amount":0.131,"open_date":"2025-06-13 14:25:00+00:00","close_date":"2025-06-13 16:10:00+00:00","open_rate":2508.14,"close_rate":2560.8372886443217,"fee_open":0.0005,"fee_close":0.0005,"trade_duration":105,"profit_ratio":0.01996883578018619,"profit_abs":6.56436783,"exit_reason":"roi","initial_stop_loss_abs":2257.33,"initial_stop_loss_ratio":-0.1,"stop_loss_abs":2257.33,"stop_loss_ratio":-0.1,"min_rate":2502.65,"max_rate":2578.85,"is_open":false,"enter_tag":"","leverage":1.0,"is_short":false,"open_timestamp":1749824700000,"close_timestamp":1749831000000,"orders":[{"amount":0.131,"safe_price":2508.14,"ft_order_side":"buy","order_filled_timestamp":1749824700000,"ft_is_entry":true,"ft_order_tag":"","cost":328.73062316999994},{"amount":0.131,"safe_price":2560.8372886443217,"ft_order_side":"sell","order_filled_timestamp":1749831000000,"ft_is_entry":false,"ft_order_tag":"roi","cost":335.63741965481233}],"funding_fees":-0.006958970969800001},{"pair":"ETH/USDT:USDT","stake_amount":329.7671,"max_stake_amount":329.7671,"amount":0.13,"open_date":"2025-06-14 07:10:00+00:00","close_date":"2025-06-15 04:45:00+00:00","open_rate":2536.67,"close_rate":2538.31,"fee_open":0.0005,"fee_close":0.0005,"trade_duration":1295,"profit_ratio":-0.0003952138516459994,"profit_abs":-0.13039369,"exit_reason":"exit_signal","initial_stop_loss_abs":2283.01,"initial_stop_loss_ratio":-0.1,"stop_loss_abs":2283.01,"stop_loss_ratio":-0.1,"min_rate":2486.68,"max_rate":2545.4,"is_open":false,"enter_tag":"","leverage":1.0,"is_short":false,"open_timestamp":1749885000000,"close_timestamp":1749962700000,"orders":[{"amount":0.13,"safe_price":2536.67,"ft_order_side":"buy","order_filled_timestamp":1749885000000,"ft_is_entry":true,"ft_order_tag":"","cost":329.93198355},{"amount":0.13,"safe_price":2538.31,"ft_order_side":"sell","order_filled_timestamp":1749962700000,"ft_is_entry":false,"ft_order_tag":"exit_signal","cost":330.14529015}],"funding_fees":-0.013719989663477474},{"pair":"ETH/USDT:USDT","stake_amount":330.54968,"max_stake_amount":330.54968,"amount":0.131,"open_date":"2025-06-15 07:35:00+00:00","close_date":"2025-06-15 13:10:00+00:00","open_rate":2523.28,"close_rate":2531.66,"fee_open":0.0005,"fee_close":0.0005,"trade_duration":335,"profit_ratio":0.0022332853389025772,"profit_abs":0.73858086,"exit_reason":"exit_signal","initial_stop_loss_abs":2270.96,"initial_stop_loss_ratio":-0.1,"stop_loss_abs":2270.96,"stop_loss_ratio":-0.1,"min_rate":2507.38,"max_rate":2535.0,"is_open":false,"enter_tag":"","leverage":1.0,"is_short":false,"open_timestamp":1749972900000,"close_timestamp":1749993000000,"orders":[{"amount":0.131,"safe_price":2523.28,"ft_order_side":"buy","order_filled_timestamp":1749972900000,"ft_is_entry":true,"ft_order_tag":"","cost":330.71495484},{"amount":0.131,"safe_price":2531.66,"ft_order_side":"sell","order_filled_timestamp":1749993000000,"ft_is_entry":false,"ft_order_tag":"exit_signal","cost":331.81328372999997}],"funding_fees":-0.028100565795111856},{"pair":"ETH/USDT:USDT","stake_amount":330.45012,"max_stake_amount":330.45012,"amount":0.131,"open_date":"2025-06-15 20:15:00+00:00","close_date":"2025-06-15 22:25:00+00:00","open_rate":2522.52,"close_rate":2544.32,"fee_open":0.0005,"fee_close":0.0005,"trade_duration":130,"profit_ratio":0.0076340134168362914,"profit_abs":2.52392198,"exit_reason":"exit_signal","initial_stop_loss_abs":2270.27,"initial_stop_loss_ratio":-0.1,"stop_loss_abs":2270.27,"stop_loss_ratio":-0.1,"min_rate":2490.38,"max_rate":2546.0,"is_open":false,"enter_tag":"","leverage":1.0,"is_short":false,"open_timestamp":1750018500000,"close_timestamp":1750026300000,"orders":[{"amount":0.131,"safe_price":2522.52,"ft_order_side":"buy","order_filled_timestamp":1750018500000,"ft_is_entry":true,"ft_order_tag":"","cost":330.61534506},{"amount":0.131,"safe_price":2544.32,"ft_order_side":"sell","order_filled_timestamp":1750026300000,"ft_is_entry":false,"ft_order_tag":"exit_signal","cost":333.47257296}],"funding_fees":0.0},{"pair":"ETH/USDT:USDT","stake_amount":331.83872,"max_stake_amount":331.83872,"amount":0.128,"open_date":"2025-06-16 11:25:00+00:00","close_date":"2025-06-16 14:00:00+00:00","open_rate":2592.49,"close_rate":2638.33,"fee_open":0.0005,"fee_close":0.0005,"trade_duration":155,"profit_ratio":0.0166646692969875,"profit_abs":5.53274752,"exit_reason":"exit_signal","initial_stop_loss_abs":2333.25,"initial_stop_loss_ratio":-0.1,"stop_loss_abs":2333.25,"stop_loss_ratio":-0.1,"min_rate":2591.62,"max_rate":2644.7,"is_open":false,"enter_tag":"","leverage":1.0,"is_short":false,"open_timestamp":1750073100000,"close_timestamp":1750082400000,"orders":[{"amount":0.128,"safe_price":2592.49,"ft_order_side":"buy","order_filled_timestamp":1750073100000,"ft_is_entry":true,"ft_order_tag":"","cost":332.00463935999994},{"amount":0.128,"safe_price":2638.33,"ft_order_side":"sell","order_filled_timestamp":1750082400000,"ft_is_entry":false,"ft_order_tag":"exit_signal","cost":337.87509312}],"funding_fees":0.0},{"pair":"ETH/USDT:USDT","stake_amount":332.7744,"max_stake_amount":332.7744,"amount":0.128,"open_date":"2025-06-16 22:40:00+00:00","close_date":"2025-06-17 19:05:00+00:00","open_rate":2599.8,"close_rate":2507.65,"fee_open":0.0005,"fee_close":0.0005,"trade_duration":1225,"profit_ratio":-0.036552860231838846,"profit_abs":-12.16993806,"exit_reason":"exit_signal","initial_stop_loss_abs":2339.82,"initial_stop_loss_ratio":-0.1,"stop_loss_abs":2339.82,"stop_loss_ratio":-0.1,"min_rate":2451.97,"max_rate":2617.74,"is_open":false,"enter_tag":"","leverage":1.0,"is_short":false,"open_timestamp":1750113600000,"close_timestamp":1750187100000,"orders":[{"amount":0.128,"safe_price":2599.8,"ft_order_side":"buy","order_filled_timestamp":1750113600000,"ft_is_entry":true,"ft_order_tag":"","cost":332.9407872},{"amount":0.128,"safe_price":2507.65,"ft_order_side":"sell","order_filled_timestamp":1750187100000,"ft_is_entry":false,"ft_order_tag":"exit_signal","cost":321.1396896}],"funding_fees":-0.04786126080937121},{"pair":"ETH/USDT:USDT","stake_amount":330.45012,"max_stake_amount":330.45012,"amount":0.132,"open_date":"2025-06-18 10:50:00+00:00","close_date":"2025-06-18 14:15:00+00:00","open_rate":2503.41,"close_rate":2528.92,"fee_open":0.0005,"fee_close":0.0005,"trade_duration":205,"profit_ratio":0.009180415444567993,"profit_abs":3.03518622,"exit_reason":"exit_signal","initial_stop_loss_abs":2253.07,"initial_stop_loss_ratio":-0.1,"stop_loss_abs":2253.07,"stop_loss_ratio":-0.1,"min_rate":2465.0,"max_rate":2533.2,"is_open":false,"enter_tag":"","leverage":1.0,"is_short":false,"open_timestamp":1750243800000,"close_timestamp":1750256100000,"orders":[{"amount":0.132,"safe_price":2503.41,"ft_order_side":"buy","order_filled_timestamp":1750243800000,"ft_is_entry":true,"ft_order_tag":"","cost":330.6153450599999},{"amount":0.132,"safe_price":2528.92,"ft_order_side":"sell","order_filled_timestamp":1750256100000,"ft_is_entry":false,"ft_order_tag":"exit_signal","cost":333.98434872}],"funding_fees":0.0},{"pair":"ETH/USDT:USDT","stake_amount":331.1006,"max_stake_amount":331.1006,"amount":0.134,"open_date":"2025-06-18 17:35:00+00:00","close_date":"2025-06-18 20:40:00+00:00","open_rate":2470.9,"close_rate":2522.8148574287143,"fee_open":0.0005,"fee_close":0.0005,"trade_duration":185,"profit_ratio":0.01999000499750125,"profit_abs":6.622012,"exit_reason":"roi","initial_stop_loss_abs":2223.81,"initial_stop_loss_ratio":-0.1,"stop_loss_abs":2223.81,"stop_loss_ratio":-0.1,"min_rate":2465.0,"max_rate":2523.28,"is_open":false,"enter_tag":"","leverage":1.0,"is_short":false,"open_timestamp":1750268100000,"close_timestamp":1750279200000,"orders":[{"amount":0.134,"safe_price":2470.9,"ft_order_side":"buy","order_filled_timestamp":1750268100000,"ft_is_entry":true,"ft_order_tag":"","cost":331.26615030000005},{"amount":0.134,"safe_price":2522.8148574287143,"ft_order_side":"sell","order_filled_timestamp":1750279200000,"ft_is_entry":false,"ft_order_tag":"roi","cost":338.2262194908954}],"funding_fees":0.0},{"pair":"ETH/USDT:USDT","stake_amount":333.75419,"max_stake_amount":333.75419,"amount":0.133,"open_date":"2025-06-19 13:50:00+00:00","close_date":"2025-06-19 22:45:00+00:00","open_rate":2509.43,"close_rate":2526.67,"fee_open":0.0005,"fee_close":0.0005,"trade_duration":535,"profit_ratio":0.005815254655518787,"profit_abs":1.94183604,"exit_reason":"exit_signal","initial_stop_loss_abs":2258.49,"initial_stop_loss_ratio":-0.1,"stop_loss_abs":2258.49,"stop_loss_ratio":-0.1,"min_rate":2483.58,"max_rate":2531.28,"is_open":false,"enter_tag":"","leverage":1.0,"is_short":false,"open_timestamp":1750341000000,"close_timestamp":1750373100000,"orders":[{"amount":0.133,"safe_price":2509.43,"ft_order_side":"buy","order_filled_timestamp":1750341000000,"ft_is_entry":true,"ft_order_tag":"","cost":333.92106709499996},{"amount":0.133,"safe_price":2526.67,"ft_order_side":"sell","order_filled_timestamp":1750373100000,"ft_is_entry":false,"ft_order_tag":"exit_signal","cost":336.215133555}],"funding_fees":-0.0161833054971},{"pair":"ETH/USDT:USDT","stake_amount":333.31928,"max_stake_amount":333.31928,"amount":0.133,"open_date":"2025-06-20 04:50:00+00:00","close_date":"2025-06-20 07:20:00+00:00","open_rate":2506.16,"close_rate":2528.7,"fee_open":0.0005,"fee_close":0.0005,"trade_duration":150,"profit_ratio":0.00798534958587677,"profit_abs":2.66300181,"exit_reason":"exit_signal","initial_stop_loss_abs":2255.55,"initial_stop_loss_ratio":-0.1,"stop_loss_abs":2255.55,"stop_loss_ratio":-0.1,"min_rate":2502.44,"max_rate":2540.0,"is_open":false,"enter_tag":"","leverage":1.0,"is_short":false,"open_timestamp":1750395000000,"close_timestamp":1750404000000,"orders":[{"amount":0.133,"safe_price":2506.16,"ft_order_side":"buy","order_filled_timestamp":1750395000000,"ft_is_entry":true,"ft_order_tag":"","cost":333.48593963999997},{"amount":0.133,"safe_price":2528.7,"ft_order_side":"sell","order_filled_timestamp":1750404000000,"ft_is_entry":false,"ft_order_tag":"exit_signal","cost":336.48525854999997}],"funding_fees":0.0},{"pair":"ETH/USDT:USDT","stake_amount":334.74276,"max_stake_amount":334.74276,"amount":0.132,"open_date":"2025-06-20 13:50:00+00:00","close_date":"2025-06-21 09:00:00+00:00","open_rate":2535.93,"close_rate":2440.39,"fee_open":0.0005,"fee_close":0.0005,"trade_duration":1150,"profit_ratio":-0.03860133736990922,"profit_abs":-12.92797897,"exit_reason":"exit_signal","initial_stop_loss_abs":2282.34,"initial_stop_loss_ratio":-0.1,"stop_loss_abs":2282.34,"stop_loss_ratio":-0.1,"min_rate":2363.88,"max_rate":2539.8,"is_open":false,"enter_tag":"","leverage":1.0,"is_short":false,"open_timestamp":1750427400000,"close_timestamp":1750496400000,"orders":[{"amount":0.132,"safe_price":2535.93,"ft_order_side":"buy","order_filled_timestamp":1750427400000,"ft_is_entry":true,"ft_order_tag":"","cost":334.91013137999994},{"amount":0.132,"safe_price":2440.39,"ft_order_side":"sell","order_filled_timestamp":1750496400000,"ft_is_entry":false,"ft_order_tag":"exit_signal","cost":322.29254574}],"funding_fees":0.011738149200424392},{"pair":"ETH/USDT:USDT","stake_amount":329.0316,"max_stake_amount":329.0316,"amount":0.136,"open_date":"2025-06-21 13:50:00+00:00","close_date":"2025-06-22 13:25:00+00:00","open_rate":2419.35,"close_rate":2177.42,"fee_open":0.0005,"fee_close":0.0005,"trade_duration":1415,"profit_ratio":-0.10092355989456667,"profit_abs":-33.22364391,"exit_reason":"stop_loss","initial_stop_loss_abs":2177.42,"initial_stop_loss_ratio":-0.1,"stop_loss_abs":2177.42,"stop_loss_ratio":-0.1,"min_rate":2159.28,"max_rate":2434.3,"is_open":false,"enter_tag":"","leverage":1.0,"is_short":false,"open_timestamp":1750513800000,"close_timestamp":1750598700000,"orders":[{"amount":0.136,"safe_price":2419.35,"ft_order_side":"buy","order_filled_timestamp":1750513800000,"ft_is_entry":true,"ft_order_tag":"","cost":329.19611580000003},{"amount":0.136,"safe_price":2177.42,"ft_order_side":"sell","order_filled_timestamp":1750598700000,"ft_is_entry":false,"ft_order_tag":"stop_loss","cost":296.27718456}],"funding_fees":-0.008583554726944434},{"pair":"ETH/USDT:USDT","stake_amount":320.4408,"max_stake_amount":320.4408,"amount":0.146,"open_date":"2025-06-22 13:30:00+00:00","close_date":"2025-06-23 00:35:00+00:00","open_rate":2194.8,"close_rate":2240.913856928464,"fee_open":0.0005,"fee_close":0.0005,"trade_duration":665,"profit_ratio":0.01992011888181751,"profit_abs":6.38641044,"exit_reason":"roi","initial_stop_loss_abs":1975.33,"initial_stop_loss_ratio":-0.1,"stop_loss_abs":1975.33,"stop_loss_ratio":-0.1,"min_rate":2111.0,"max_rate":2244.95,"is_open":false,"enter_tag":"","leverage":1.0,"is_short":false,"open_timestamp":1750599000000,"close_timestamp":1750638900000,"orders":[{"amount":0.146,"safe_price":2194.8,"ft_order_side":"buy","order_filled_timestamp":1750599000000,"ft_is_entry":true,"ft_order_tag":"","cost":320.6010204},{"amount":0.146,"safe_price":2240.913856928464,"ft_order_side":"sell","order_filled_timestamp":1750638900000,"ft_is_entry":false,"ft_order_tag":"roi","cost":327.3370098231115}],"funding_fees":-0.022405558693186747},{"pair":"ETH/USDT:USDT","stake_amount":320.90544,"max_stake_amount":320.90544,"amount":0.144,"open_date":"2025-06-23 16:15:00+00:00","close_date":"2025-06-23 17:25:00+00:00","open_rate":2228.51,"close_rate":2275.3321210605304,"fee_open":0.0005,"fee_close":0.0005,"trade_duration":70,"profit_ratio":0.019990004997501247,"profit_abs":6.4181088,"exit_reason":"roi","initial_stop_loss_abs":2005.66,"initial_stop_loss_ratio":-0.1,"stop_loss_abs":2005.66,"stop_loss_ratio":-0.1,"min_rate":2187.01,"max_rate":2283.17,"is_open":false,"enter_tag":"","leverage":1.0,"is_short":false,"open_timestamp":1750695300000,"close_timestamp":1750699500000,"orders":[{"amount":0.144,"safe_price":2228.51,"ft_order_side":"buy","order_filled_timestamp":1750695300000,"ft_is_entry":true,"ft_order_tag":"","cost":321.06589271999997},{"amount":0.144,"safe_price":2275.3321210605304,"ft_order_side":"sell","order_filled_timestamp":1750699500000,"ft_is_entry":false,"ft_order_tag":"roi","cost":327.81164934543267}],"funding_fees":0.0},{"pair":"ETH/USDT:USDT","stake_amount":322.8903,"max_stake_amount":322.8903,"amount":0.135,"open_date":"2025-06-24 08:00:00+00:00","close_date":"2025-06-24 09:25:00+00:00","open_rate":2391.78,"close_rate":2442.0325062531265,"fee_open":0.0005,"fee_close":0.0005,"trade_duration":85,"profit_ratio":0.01997799992383047,"profit_abs":6.45392774,"exit_reason":"roi","initial_stop_loss_abs":2152.61,"initial_stop_loss_ratio":-0.1,"stop_loss_abs":2152.61,"stop_loss_ratio":-0.1,"min_rate":2374.9,"max_rate":2450.0,"is_open":false,"enter_tag":"","leverage":1.0,"is_short":false,"open_timestamp":1750752000000,"close_timestamp":1750757100000,"orders":[{"amount":0.135,"safe_price":2391.78,"ft_order_side":"buy","order_filled_timestamp":1750752000000,"ft_is_entry":true,"ft_order_tag":"","cost":323.05174515},{"amount":0.135,"safe_price":2442.0325062531265,"ft_order_side":"sell","order_filled_timestamp":1750757100000,"ft_is_entry":false,"ft_order_tag":"roi","cost":329.8392255383442}],"funding_fees":-0.0038782648072764455},{"pair":"ETH/USDT:USDT","stake_amount":324.72354,"max_stake_amount":324.72354,"amount":0.134,"open_date":"2025-06-25 05:25:00+00:00","close_date":"2025-06-25 21:05:00+00:00","open_rate":2423.31,"close_rate":2444.62,"fee_open":0.0005,"fee_close":0.0005,"trade_duration":940,"profit_ratio":0.007773847914730339,"profit_abs":2.52561359,"exit_reason":"exit_signal","initial_stop_loss_abs":2180.98,"initial_stop_loss_ratio":-0.1,"stop_loss_abs":2180.98,"stop_loss_ratio":-0.1,"min_rate":2388.23,"max_rate":2455.27,"is_open":false,"enter_tag":"","leverage":1.0,"is_short":false,"open_timestamp":1750829100000,"close_timestamp":1750885500000,"orders":[{"amount":0.134,"safe_price":2423.31,"ft_order_side":"buy","order_filled_timestamp":1750829100000,"ft_is_entry":true,"ft_order_tag":"","cost":324.88590177},{"amount":0.134,"safe_price":2444.62,"ft_order_side":"sell","order_filled_timestamp":1750885500000,"ft_is_entry":false,"ft_order_tag":"exit_signal","cost":327.74286954}],"funding_fees":-0.0037750979373386844},{"pair":"ETH/USDT:USDT","stake_amount":325.83672,"max_stake_amount":325.83672,"amount":0.132,"open_date":"2025-06-26 09:15:00+00:00","close_date":"2025-06-26 20:45:00+00:00","open_rate":2468.46,"close_rate":2455.66,"fee_open":0.0005,"fee_close":0.0005,"trade_duration":690,"profit_ratio":-0.006188659043149252,"profit_abs":-2.01750061,"exit_reason":"exit_signal","initial_stop_loss_abs":2221.62,"initial_stop_loss_ratio":-0.1,"stop_loss_abs":2221.62,"stop_loss_ratio":-0.1,"min_rate":2408.01,"max_rate":2475.6,"is_open":false,"enter_tag":"","leverage":1.0,"is_short":false,"open_timestamp":1750929300000,"close_timestamp":1750970700000,"orders":[{"amount":0.132,"safe_price":2468.46,"ft_order_side":"buy","order_filled_timestamp":1750929300000,"ft_is_entry":true,"ft_order_tag":"","cost":325.99963836},{"amount":0.132,"safe_price":2455.66,"ft_order_side":"sell","order_filled_timestamp":1750970700000,"ft_is_entry":false,"ft_order_tag":"exit_signal","cost":324.30919356}],"funding_fees":-0.0029086856992668027},{"pair":"ETH/USDT:USDT","stake_amount":325.4592,"max_stake_amount":325.4592,"amount":0.134,"open_date":"2025-06-27 13:00:00+00:00","close_date":"2025-06-28 05:15:00+00:00","open_rate":2428.8,"close_rate":2427.16,"fee_open":0.0005,"fee_close":0.0005,"trade_duration":975,"profit_ratio":-0.0018137665995822414,"profit_abs":-0.59060218,"exit_reason":"exit_signal","initial_stop_loss_abs":2185.92,"initial_stop_loss_ratio":-0.1,"stop_loss_abs":2185.92,"stop_loss_ratio":-0.1,"min_rate":2387.01,"max_rate":2448.69,"is_open":false,"enter_tag":"","leverage":1.0,"is_short":false,"open_timestamp":1751029200000,"close_timestamp":1751087700000,"orders":[{"amount":0.134,"safe_price":2428.8,"ft_order_side":"buy","order_filled_timestamp":1751029200000,"ft_is_entry":true,"ft_order_tag":"","cost":325.62192960000004},{"amount":0.134,"safe_price":2427.16,"ft_order_side":"sell","order_filled_timestamp":1751087700000,"ft_is_entry":false,"ft_order_tag":"exit_signal","cost":325.40205972}],"funding_fees":-0.045492858522799995},{"pair":"ETH/USDT:USDT","stake_amount":324.8361,"max_stake_amount":324.8361,"amount":0.134,"open_date":"2025-06-29 02:05:00+00:00","close_date":"2025-06-29 08:05:00+00:00","open_rate":2424.15,"close_rate":2442.75,"fee_open":0.0005,"fee_close":0.0005,"trade_duration":360,"profit_ratio":0.006577355868653938,"profit_abs":2.13763091,"exit_reason":"exit_signal","initial_stop_loss_abs":2181.74,"initial_stop_loss_ratio":-0.1,"stop_loss_abs":2181.74,"stop_loss_ratio":-0.1,"min_rate":2423.49,"max_rate":2443.14,"is_open":false,"enter_tag":"","leverage":1.0,"is_short":false,"open_timestamp":1751162700000,"close_timestamp":1751184300000,"orders":[{"amount":0.134,"safe_price":2424.15,"ft_order_side":"buy","order_filled_timestamp":1751162700000,"ft_is_entry":true,"ft_order_tag":"","cost":324.99851805000003},{"amount":0.134,"safe_price":2442.75,"ft_order_side":"sell","order_filled_timestamp":1751184300000,"ft_is_entry":false,"ft_order_tag":"exit_signal","cost":327.49216425}],"funding_fees":-0.02868678868330334},{"pair":"ETH/USDT:USDT","stake_amount":326.79652,"max_stake_amount":326.79652,"amount":0.134,"open_date":"2025-06-29 14:40:00+00:00","close_date":"2025-06-29 22:25:00+00:00","open_rate":2438.78,"close_rate":2471.8,"fee_open":0.0005,"fee_close":0.0005,"trade_duration":465,"profit_ratio":0.012526104367151247,"profit_abs":4.09553406,"exit_reason":"exit_signal","initial_stop_loss_abs":2194.91,"initial_stop_loss_ratio":-0.1,"stop_loss_abs":2194.91,"stop_loss_ratio":-0.1,"min_rate":2406.45,"max_rate":2479.81,"is_open":false,"enter_tag":"","leverage":1.0,"is_short":false,"open_timestamp":1751208000000,"close_timestamp":1751235900000,"orders":[{"amount":0.134,"safe_price":2438.78,"ft_order_side":"buy","order_filled_timestamp":1751208000000,"ft_is_entry":true,"ft_order_tag":"","cost":326.95991826000005},{"amount":0.134,"safe_price":2471.8,"ft_order_side":"sell","order_filled_timestamp":1751235900000,"ft_is_entry":false,"ft_order_tag":"exit_signal","cost":331.38681060000005}],"funding_fees":-0.000137075568},{"pair":"ETH/USDT:USDT","stake_amount":327.72432,"max_stake_amount":327.72432,"amount":0.132,"open_date":"2025-06-30 06:45:00+00:00","close_date":"2025-06-30 18:05:00+00:00","open_rate":2482.76,"close_rate":2494.78,"fee_open":0.0005,"fee_close":0.0005,"trade_duration":680,"profit_ratio":0.0037420909833257286,"profit_abs":1.22698741,"exit_reason":"exit_signal","initial_stop_loss_abs":2234.49,"initial_stop_loss_ratio":-0.1,"stop_loss_abs":2234.49,"stop_loss_ratio":-0.1,"min_rate":2431.87,"max_rate":2497.9,"is_open":false,"enter_tag":"","leverage":1.0,"is_short":false,"open_timestamp":1751265900000,"close_timestamp":1751306700000,"orders":[{"amount":0.132,"safe_price":2482.76,"ft_order_side":"buy","order_filled_timestamp":1751265900000,"ft_is_entry":true,"ft_order_tag":"","cost":327.88818216000004},{"amount":0.132,"safe_price":2494.78,"ft_order_side":"sell","order_filled_timestamp":1751306700000,"ft_is_entry":false,"ft_order_tag":"exit_signal","cost":329.47561548}],"funding_fees":-0.031134954193579305},{"pair":"ETH/USDT:USDT","stake_amount":328.20809,"max_stake_amount":328.20809,"amount":0.133,"open_date":"2025-07-01 04:55:00+00:00","close_date":"2025-07-02 03:25:00+00:00","open_rate":2467.73,"close_rate":2428.0,"fee_open":0.0005,"fee_close":0.0005,"trade_duration":1350,"profit_ratio":-0.01710358547968388,"profit_abs":-5.61634189,"exit_reason":"exit_signal","initial_stop_loss_abs":2220.96,"initial_stop_loss_ratio":-0.1,"stop_loss_abs":2220.96,"stop_loss_ratio":-0.1,"min_rate":2367.53,"max_rate":2468.23,"is_open":false,"enter_tag":"","leverage":1.0,"is_short":false,"open_timestamp":1751345700000,"close_timestamp":1751426700000,"orders":[{"amount":0.133,"safe_price":2467.73,"ft_order_side":"buy","order_filled_timestamp":1751345700000,"ft_is_entry":true,"ft_order_tag":"","cost":328.372194045},{"amount":0.133,"safe_price":2428.0,"ft_order_side":"sell","order_filled_timestamp":1751426700000,"ft_is_entry":false,"ft_order_tag":"exit_signal","cost":323.085462}],"funding_fees":-0.006685843993797291},{"pair":"ETH/USDT:USDT","stake_amount":327.24608,"max_stake_amount":327.24608,"amount":0.128,"open_date":"2025-07-03 02:35:00+00:00","close_date":"2025-07-03 05:35:00+00:00","open_rate":2556.61,"close_rate":2598.85,"fee_open":0.0005,"fee_close":0.0005,"trade_duration":180,"profit_ratio":0.015505864709757136,"profit_abs":5.07677056,"exit_reason":"exit_signal","initial_stop_loss_abs":2300.95,"initial_stop_loss_ratio":-0.1,"stop_loss_abs":2300.95,"stop_loss_ratio":-0.1,"min_rate":2555.25,"max_rate":2600.65,"is_open":false,"enter_tag":"","leverage":1.0,"is_short":false,"open_timestamp":1751510100000,"close_timestamp":1751520900000,"orders":[{"amount":0.128,"safe_price":2556.61,"ft_order_side":"buy","order_filled_timestamp":1751510100000,"ft_is_entry":true,"ft_order_tag":"","cost":327.40970304},{"amount":0.128,"safe_price":2598.85,"ft_order_side":"sell","order_filled_timestamp":1751520900000,"ft_is_entry":false,"ft_order_tag":"exit_signal","cost":332.8191264}],"funding_fees":0.0},{"pair":"ETH/USDT:USDT","stake_amount":328.81152,"max_stake_amount":328.81152,"amount":0.128,"open_date":"2025-07-03 12:40:00+00:00","close_date":"2025-07-03 13:35:00+00:00","open_rate":2568.84,"close_rate":2622.8126263131567,"fee_open":0.0005,"fee_close":0.0005,"trade_duration":55,"profit_ratio":0.01999000499750125,"profit_abs":6.5762304,"exit_reason":"roi","initial_stop_loss_abs":2311.96,"initial_stop_loss_ratio":-0.1,"stop_loss_abs":2311.96,"stop_loss_ratio":-0.1,"min_rate":2568.71,"max_rate":2635.0,"is_open":false,"enter_tag":"","leverage":1.0,"is_short":false,"open_timestamp":1751546400000,"close_timestamp":1751549700000,"orders":[{"amount":0.128,"safe_price":2568.84,"ft_order_side":"buy","order_filled_timestamp":1751546400000,"ft_is_entry":true,"ft_order_tag":"","cost":328.97592576},{"amount":0.128,"safe_price":2622.8126263131567,"ft_order_side":"sell","order_filled_timestamp":1751549700000,"ft_is_entry":false,"ft_order_tag":"roi","cost":335.88787617616805}],"funding_fees":0.0},{"pair":"ETH/USDT:USDT","stake_amount":329.3504,"max_stake_amount":329.3504,"amount":0.128,"open_date":"2025-07-04 02:45:00+00:00","close_date":"2025-07-04 22:10:00+00:00","open_rate":2573.05,"close_rate":2503.11,"fee_open":0.0005,"fee_close":0.0005,"trade_duration":1165,"profit_ratio":-0.0282453596830158,"profit_abs":-9.30727182,"exit_reason":"exit_signal","initial_stop_loss_abs":2315.75,"initial_stop_loss_ratio":-0.1,"stop_loss_abs":2315.75,"stop_loss_ratio":-0.1,"min_rate":2473.07,"max_rate":2584.24,"is_open":false,"enter_tag":"","leverage":1.0,"is_short":false,"open_timestamp":1751597100000,"close_timestamp":1751667000000,"orders":[{"amount":0.128,"safe_price":2573.05,"ft_order_side":"buy","order_filled_timestamp":1751597100000,"ft_is_entry":true,"ft_order_tag":"","cost":329.5150752},{"amount":0.128,"safe_price":2503.11,"ft_order_side":"sell","order_filled_timestamp":1751667000000,"ft_is_entry":false,"ft_order_tag":"exit_signal","cost":320.55827904000006}],"funding_fees":-0.03007758482741562},{"pair":"ETH/USDT:USDT","stake_amount":326.0049,"max_stake_amount":326.0049,"amount":0.13,"open_date":"2025-07-05 09:20:00+00:00","close_date":"2025-07-05 21:25:00+00:00","open_rate":2507.73,"close_rate":2514.23,"fee_open":0.0005,"fee_close":0.0005,"trade_duration":725,"profit_ratio":0.001534520890131812,"profit_abs":0.50051146,"exit_reason":"exit_signal","initial_stop_loss_abs":2256.96,"initial_stop_loss_ratio":-0.1,"stop_loss_abs":2256.96,"stop_loss_ratio":-0.1,"min_rate":2486.31,"max_rate":2524.73,"is_open":false,"enter_tag":"","leverage":1.0,"is_short":false,"open_timestamp":1751707200000,"close_timestamp":1751750700000,"orders":[{"amount":0.13,"safe_price":2507.73,"ft_order_side":"buy","order_filled_timestamp":1751707200000,"ft_is_entry":true,"ft_order_tag":"","cost":326.16790245},{"amount":0.13,"safe_price":2514.23,"ft_order_side":"sell","order_filled_timestamp":1751750700000,"ft_is_entry":false,"ft_order_tag":"exit_signal","cost":327.01332494999997}],"funding_fees":-0.018061139694},{"pair":"ETH/USDT:USDT","stake_amount":326.1596,"max_stake_amount":326.1596,"amount":0.13,"open_date":"2025-07-06 08:25:00+00:00","close_date":"2025-07-06 13:25:00+00:00","open_rate":2508.92,"close_rate":2524.82,"fee_open":0.0005,"fee_close":0.0005,"trade_duration":300,"profit_ratio":0.005331553727942878,"profit_abs":1.7398069,"exit_reason":"exit_signal","initial_stop_loss_abs":2258.03,"initial_stop_loss_ratio":-0.1,"stop_loss_abs":2258.03,"stop_loss_ratio":-0.1,"min_rate":2502.25,"max_rate":2538.84,"is_open":false,"enter_tag":"","leverage":1.0,"is_short":false,"open_timestamp":1751790300000,"close_timestamp":1751808300000,"orders":[{"amount":0.13,"safe_price":2508.92,"ft_order_side":"buy","order_filled_timestamp":1751790300000,"ft_is_entry":true,"ft_order_tag":"","cost":326.3226798},{"amount":0.13,"safe_price":2524.82,"ft_order_side":"sell","order_filled_timestamp":1751808300000,"ft_is_entry":false,"ft_order_tag":"exit_signal","cost":328.3907133}],"funding_fees":0.0},{"pair":"ETH/USDT:USDT","stake_amount":326.63058,"max_stake_amount":326.63058,"amount":0.129,"open_date":"2025-07-06 18:35:00+00:00","close_date":"2025-07-06 21:25:00+00:00","open_rate":2532.02,"close_rate":2556.62,"fee_open":0.0005,"fee_close":0.0005,"trade_duration":170,"profit_ratio":0.008706352110632781,"profit_abs":2.84518272,"exit_reason":"exit_signal","initial_stop_loss_abs":2278.82,"initial_stop_loss_ratio":-0.1,"stop_loss_abs":2278.82,"stop_loss_ratio":-0.1,"min_rate":2522.69,"max_rate":2569.0,"is_open":false,"enter_tag":"","leverage":1.0,"is_short":false,"open_timestamp":1751826900000,"close_timestamp":1751837100000,"orders":[{"amount":0.129,"safe_price":2532.02,"ft_order_side":"buy","order_filled_timestamp":1751826900000,"ft_is_entry":true,"ft_order_tag":"","cost":326.79389528999997},{"amount":0.129,"safe_price":2556.62,"ft_order_side":"sell","order_filled_timestamp":1751837100000,"ft_is_entry":false,"ft_order_tag":"exit_signal","cost":329.96888198999994}],"funding_fees":0.0},{"pair":"ETH/USDT:USDT","stake_amount":328.28178,"max_stake_amount":328.28178,"amount":0.129,"open_date":"2025-07-07 12:20:00+00:00","close_date":"2025-07-08 06:05:00+00:00","open_rate":2544.82,"close_rate":2553.09,"fee_open":0.0005,"fee_close":0.0005,"trade_duration":1065,"profit_ratio":0.0022011964954258985,"profit_abs":0.72297401,"exit_reason":"exit_signal","initial_stop_loss_abs":2290.34,"initial_stop_loss_ratio":-0.1,"stop_loss_abs":2290.34,"stop_loss_ratio":-0.1,"min_rate":2505.37,"max_rate":2568.0,"is_open":false,"enter_tag":"","leverage":1.0,"is_short":false,"open_timestamp":1751890800000,"close_timestamp":1751954700000,"orders":[{"amount":0.129,"safe_price":2544.82,"ft_order_side":"buy","order_filled_timestamp":1751890800000,"ft_is_entry":true,"ft_order_tag":"","cost":328.44592089},{"amount":0.129,"safe_price":2553.09,"ft_order_side":"sell","order_filled_timestamp":1751954700000,"ft_is_entry":false,"ft_order_tag":"exit_signal","cost":329.513284305}],"funding_fees":-0.015040798490120801},{"pair":"ETH/USDT:USDT","stake_amount":328.28544,"max_stake_amount":328.28544,"amount":0.126,"open_date":"2025-07-09 09:15:00+00:00","close_date":"2025-07-09 12:15:00+00:00","open_rate":2605.44,"close_rate":2651.81,"fee_open":0.0005,"fee_close":0.0005,"trade_duration":180,"profit_ratio":0.01678008906072633,"profit_abs":5.51141325,"exit_reason":"exit_signal","initial_stop_loss_abs":2344.9,"initial_stop_loss_ratio":-0.1,"stop_loss_abs":2344.9,"stop_loss_ratio":-0.1,"min_rate":2605.0,"max_rate":2663.49,"is_open":false,"enter_tag":"","leverage":1.0,"is_short":false,"open_timestamp":1752052500000,"close_timestamp":1752063300000,"orders":[{"amount":0.126,"safe_price":2605.44,"ft_order_side":"buy","order_filled_timestamp":1752052500000,"ft_is_entry":true,"ft_order_tag":"","cost":328.44958271999997},{"amount":0.126,"safe_price":2651.81,"ft_order_side":"sell","order_filled_timestamp":1752063300000,"ft_is_entry":false,"ft_order_tag":"exit_signal","cost":334.29512403}],"funding_fees":0.0},{"pair":"ETH/USDT:USDT","stake_amount":329.66001,"max_stake_amount":329.66001,"amount":0.111,"open_date":"2025-07-11 11:50:00+00:00","close_date":"2025-07-13 06:55:00+00:00","open_rate":2969.91,"close_rate":2957.27,"fee_open":0.0005,"fee_close":0.0005,"trade_duration":2585,"profit_ratio":-0.005566974276322441,"profit_abs":-1.8361264,"exit_reason":"force_exit","initial_stop_loss_abs":2672.92,"initial_stop_loss_ratio":-0.1,"stop_loss_abs":2672.92,"stop_loss_ratio":-0.1,"min_rate":2902.8,"max_rate":3009.55,"is_open":false,"enter_tag":"","leverage":1.0,"is_short":false,"open_timestamp":1752234600000,"close_timestamp":1752389700000,"orders":[{"amount":0.111,"safe_price":2969.91,"ft_order_side":"buy","order_filled_timestamp":1752234600000,"ft_is_entry":true,"ft_order_tag":"","cost":329.824840005},{"amount":0.111,"safe_price":2957.27,"ft_order_side":"sell","order_filled_timestamp":1752389700000,"ft_is_entry":false,"ft_order_tag":"force_exit","cost":328.421098485}],"funding_fees":-0.10412790814774565}],"locks":[],"best_pair":{"key":"ETH/USDT:USDT","trades":31,"profit_mean":0.00047218119405779345,"profit_mean_pct":0.05,"profit_sum":0.014637617015791598,"profit_sum_pct":1.46,"profit_total_abs":4.018958980000004,"profit_total":0.004018958980000004,"profit_total_pct":0.4,"duration_avg":"10:32:00","wins":22,"draws":0,"losses":9,"winrate":0.7096774193548387,"cagr":0.05177800938240873,"expectancy":0.12964383806451618,"expectancy_ratio":0.01499354379752571,"sortino":0.2689605179885376,"sharpe":0.3335566436758423,"calmar":5.836240470732587,"sqn":0.0895,"profit_factor":1.0516444286359223,"max_drawdown_account":0.04536582676369327,"max_drawdown_abs":46.15162288},"worst_pair":{"key":"ETH/USDT:USDT","trades":31,"profit_mean":0.00047218119405779345,"profit_mean_pct":0.05,"profit_sum":0.014637617015791598,"profit_sum_pct":1.46,"profit_total_abs":4.018958980000004,"profit_total":0.004018958980000004,"profit_total_pct":0.4,"duration_avg":"10:32:00","wins":22,"draws":0,"losses":9,"winrate":0.7096774193548387,"cagr":0.05177800938240873,"expectancy":0.12964383806451618,"expectancy_ratio":0.01499354379752571,"sortino":0.2689605179885376,"sharpe":0.3335566436758423,"calmar":5.836240470732587,"sqn":0.0895,"profit_factor":1.0516444286359223,"max_drawdown_account":0.04536582676369327,"max_drawdown_abs":46.15162288},"results_per_pair":[{"key":"ETH/USDT:USDT","trades":31,"profit_mean":0.00047218119405779345,"profit_mean_pct":0.05,"profit_sum":0.014637617015791598,"profit_sum_pct":1.46,"profit_total_abs":4.018958980000004,"profit_total":0.004018958980000004,"profit_total_pct":0.4,"duration_avg":"10:32:00","wins":22,"draws":0,"losses":9,"winrate":0.7096774193548387,"cagr":0.05177800938240873,"expectancy":0.12964383806451618,"expectancy_ratio":0.01499354379752571,"sortino":0.2689605179885376,"sharpe":0.3335566436758423,"calmar":5.836240470732587,"sqn":0.0895,"profit_factor":1.0516444286359223,"max_drawdown_account":0.04536582676369327,"max_drawdown_abs":46.15162288},{"key":"TOTAL","trades":31,"profit_mean":0.00047218119405779345,"profit_mean_pct":0.05,"profit_sum":0.014637617015791598,"profit_sum_pct":1.46,"profit_total_abs":4.018958980000004,"profit_total":0.004018958980000004,"profit_total_pct":0.4,"duration_avg":"10:32:00","wins":22,"draws":0,"losses":9,"winrate":0.7096774193548387,"cagr":0.05177800938240873,"expectancy":0.12964383806451618,"expectancy_ratio":0.01499354379752571,"sortino":0.2689605179885376,"sharpe":0.3335566436758423,"calmar":5.836240470732587,"sqn":0.0895,"profit_factor":1.0516444286359223,"max_drawdown_account":0.04536582676369327,"max_drawdown_abs":46.15162288}],"results_per_enter_tag":[{"key":"","trades":31,"profit_mean":0.00047218119405779345,"profit_mean_pct":0.05,"profit_sum":0.014637617015791598,"profit_sum_pct":1.46,"profit_total_abs":4.018958980000004,"profit_total":0.004018958980000004,"profit_total_pct":0.4,"duration_avg":"10:32:00","wins":22,"draws":0,"losses":9,"winrate":0.7096774193548387,"cagr":0.05177800938240873,"expectancy":0.12964383806451618,"expectancy_ratio":0.01499354379752571,"sortino":0.2689605179885376,"sharpe":0.3335566436758423,"calmar":5.836240470732587,"sqn":0.0895,"profit_factor":1.0516444286359223,"max_drawdown_account":0.04536582676369327,"max_drawdown_abs":46.15162288},{"key":"TOTAL","trades":31,"profit_mean":0.00047218119405779345,"profit_mean_pct":0.05,"profit_sum":0.014637617015791598,"profit_sum_pct":1.46,"profit_total_abs":4.018958980000004,"profit_total":0.004018958980000004,"profit_total_pct":0.4,"duration_avg":"10:32:00","wins":22,"draws":0,"losses":9,"winrate":0.7096774193548387,"cagr":0.05177800938240873,"expectancy":0.12964383806451618,"expectancy_ratio":0.01499354379752571,"sortino":0.2689605179885376,"sharpe":0.3335566436758423,"calmar":5.836240470732587,"sqn":0.0895,"profit_factor":1.0516444286359223,"max_drawdown_account":0.04536582676369327,"max_drawdown_abs":46.15162288}],"exit_reason_summary":[{"key":"roi","trades":6,"profit_mean":0.019972828263056318,"profit_mean_pct":2.0,"profit_sum":0.1198369695783379,"profit_sum_pct":11.98,"profit_total_abs":39.021057209999995,"profit_total":0.039021057209999994,"profit_total_pct":3.9,"duration_avg":"3:14:00","wins":6,"draws":0,"losses":0,"winrate":1.0,"cagr":0.6189651452756331,"expectancy":6.503509534999999,"expectancy_ratio":100.0,"sortino":-100,"sharpe":292.0132465193813,"calmar":-100,"sqn":165.1916,"profit_factor":0.0,"max_drawdown_account":0.0,"max_drawdown_abs":0.0},{"key":"exit_signal","trades":23,"profit_mean":5.613833079751155e-05,"profit_mean_pct":0.01,"profit_sum":0.0012911816083427657,"profit_sum_pct":0.13,"profit_total_abs":0.05767207999999968,"profit_total":5.767207999999968e-05,"profit_total_pct":0.01,"duration_avg":"10:27:00","wins":16,"draws":0,"losses":7,"winrate":0.6956521739130435,"cagr":0.0007261152947117822,"expectancy":0.0025074817391304016,"expectancy_ratio":0.00041048552386580006,"sortino":0.007563384682679701,"sharpe":0.007484348079567712,"calmar":0.19231689060531543,"sqn":0.0023,"profit_factor":1.0013487381498445,"max_drawdown_account":0.019755890966387996,"max_drawdown_abs":19.927072929999998},{"key":"force_exit","trades":1,"profit_mean":-0.005566974276322441,"profit_mean_pct":-0.56,"profit_sum":-0.005566974276322441,"profit_sum_pct":-0.56,"profit_total_abs":-1.8361264,"profit_total":-0.0018361264,"profit_total_pct":-0.18,"duration_avg":"1 day, 19:05:00","wins":0,"draws":0,"losses":1,"winrate":0.0,"cagr":-0.02286563581603729,"expectancy":-1.8361264,"expectancy_ratio":-1.0,"sortino":-100,"sharpe":-100,"calmar":-65.8792178432506,"sqn":-100.0,"profit_factor":0.0,"max_drawdown_account":0.0018361264000000118,"max_drawdown_abs":1.8361264},{"key":"stop_loss","trades":1,"profit_mean":-0.10092355989456667,"profit_mean_pct":-10.09,"profit_sum":-0.10092355989456667,"profit_sum_pct":-10.09,"profit_total_abs":-33.22364391,"profit_total":-0.03322364391,"profit_total_pct":-3.32,"duration_avg":"23:35:00","wins":0,"draws":0,"losses":1,"winrate":0.0,"cagr":-0.34640268584743295,"expectancy":-33.22364391,"expectancy_ratio":-1.0,"sortino":-100,"sharpe":-100,"calmar":-65.87921784325111,"sqn":-100.0,"profit_factor":0.0,"max_drawdown_account":0.03322364390999996,"max_drawdown_abs":33.22364391},{"key":"TOTAL","trades":31,"profit_mean":0.00047218119405779345,"profit_mean_pct":0.05,"profit_sum":0.014637617015791598,"profit_sum_pct":1.46,"profit_total_abs":4.018958980000004,"profit_total":0.004018958980000004,"profit_total_pct":0.4,"duration_avg":"10:32:00","wins":22,"draws":0,"losses":9,"winrate":0.7096774193548387,"cagr":0.05177800938240873,"expectancy":0.12964383806451618,"expectancy_ratio":0.01499354379752571,"sortino":0.2689605179885376,"sharpe":0.3335566436758423,"calmar":5.836240470732587,"sqn":0.0895,"profit_factor":1.0516444286359223,"max_drawdown_account":0.04536582676369327,"max_drawdown_abs":46.15162288}],"mix_tag_stats":[{"key":["","roi"],"trades":6,"profit_mean":0.019972828263056318,"profit_mean_pct":2.0,"profit_sum":0.1198369695783379,"profit_sum_pct":11.98,"profit_total_abs":39.021057209999995,"profit_total":0.039021057209999994,"profit_total_pct":3.9,"duration_avg":"3:14:00","wins":6,"draws":0,"losses":0,"winrate":1.0,"cagr":0.6189651452756331,"expectancy":6.503509534999999,"expectancy_ratio":100.0,"sortino":-100,"sharpe":292.0132465193813,"calmar":-100,"sqn":165.1916,"profit_factor":0.0,"max_drawdown_account":0.0,"max_drawdown_abs":0.0},{"key":["","exit_signal"],"trades":23,"profit_mean":5.613833079751155e-05,"profit_mean_pct":0.01,"profit_sum":0.0012911816083427657,"profit_sum_pct":0.13,"profit_total_abs":0.05767207999999968,"profit_total":5.767207999999968e-05,"profit_total_pct":0.01,"duration_avg":"10:27:00","wins":16,"draws":0,"losses":7,"winrate":0.6956521739130435,"cagr":0.0007261152947117822,"expectancy":0.0025074817391304016,"expectancy_ratio":0.00041048552386580006,"sortino":0.007563384682679701,"sharpe":0.007484348079567712,"calmar":0.19231689060531543,"sqn":0.0023,"profit_factor":1.0013487381498445,"max_drawdown_account":0.019755890966387996,"max_drawdown_abs":19.927072929999998},{"key":["","force_exit"],"trades":1,"profit_mean":-0.005566974276322441,"profit_mean_pct":-0.56,"profit_sum":-0.005566974276322441,"profit_sum_pct":-0.56,"profit_total_abs":-1.8361264,"profit_total":-0.0018361264,"profit_total_pct":-0.18,"duration_avg":"1 day, 19:05:00","wins":0,"draws":0,"losses":1,"winrate":0.0,"cagr":-0.02286563581603729,"expectancy":-1.8361264,"expectancy_ratio":-1.0,"sortino":-100,"sharpe":-100,"calmar":-65.8792178432506,"sqn":-100.0,"profit_factor":0.0,"max_drawdown_account":0.0018361264000000118,"max_drawdown_abs":1.8361264},{"key":["","stop_loss"],"trades":1,"profit_mean":-0.10092355989456667,"profit_mean_pct":-10.09,"profit_sum":-0.10092355989456667,"profit_sum_pct":-10.09,"profit_total_abs":-33.22364391,"profit_total":-0.03322364391,"profit_total_pct":-3.32,"duration_avg":"23:35:00","wins":0,"draws":0,"losses":1,"winrate":0.0,"cagr":-0.34640268584743295,"expectancy":-33.22364391,"expectancy_ratio":-1.0,"sortino":-100,"sharpe":-100,"calmar":-65.87921784325111,"sqn":-100.0,"profit_factor":0.0,"max_drawdown_account":0.03322364390999996,"max_drawdown_abs":33.22364391},{"key":"TOTAL","trades":31,"profit_mean":0.00047218119405779345,"profit_mean_pct":0.05,"profit_sum":0.014637617015791598,"profit_sum_pct":1.46,"profit_total_abs":4.018958980000004,"profit_total":0.004018958980000004,"profit_total_pct":0.4,"duration_avg":"10:32:00","wins":22,"draws":0,"losses":9,"winrate":0.7096774193548387,"cagr":0.05177800938240873,"expectancy":0.12964383806451618,"expectancy_ratio":0.01499354379752571,"sortino":0.2689605179885376,"sharpe":0.3335566436758423,"calmar":5.836240470732587,"sqn":0.0895,"profit_factor":1.0516444286359223,"max_drawdown_account":0.04536582676369327,"max_drawdown_abs":46.15162288}],"left_open_trades":[{"key":"ETH/USDT:USDT","trades":1,"profit_mean":-0.005566974276322441,"profit_mean_pct":-0.56,"profit_sum":-0.005566974276322441,"profit_sum_pct":-0.56,"profit_total_abs":-1.8361264,"profit_total":-0.0018361264,"profit_total_pct":-0.18,"duration_avg":"1 day, 19:05:00","wins":0,"draws":0,"losses":1,"winrate":0.0,"cagr":-0.02286563581603729,"expectancy":-1.8361264,"expectancy_ratio":-1.0,"sortino":-100,"sharpe":-100,"calmar":-65.8792178432506,"sqn":-100.0,"profit_factor":0.0,"max_drawdown_account":0.0018361264000000118,"max_drawdown_abs":1.8361264},{"key":"TOTAL","trades":1,"profit_mean":-0.005566974276322441,"profit_mean_pct":-0.56,"profit_sum":-0.005566974276322441,"profit_sum_pct":-0.56,"profit_total_abs":-1.8361264,"profit_total":-0.0018361264,"profit_total_pct":-0.18,"duration_avg":"1 day, 19:05:00","wins":0,"draws":0,"losses":1,"winrate":0.0,"cagr":-0.02286563581603729,"expectancy":-1.8361264,"expectancy_ratio":-1.0,"sortino":-100,"sharpe":-100,"calmar":-65.8792178432506,"sqn":-100.0,"profit_factor":0.0,"max_drawdown_account":0.0018361264000000118,"max_drawdown_abs":1.8361264}],"total_trades":31,"trade_count_long":31,"trade_count_short":0,"total_volume":20373.997356488766,"avg_stake_amount":328.2127822580644,"profit_mean":0.00047218119405779345,"profit_median":0.006577355868653938,"profit_total":0.004018958980000004,"profit_total_long":0.004018958980000004,"profit_total_short":0.0,"profit_total_abs":4.018958980000004,"profit_total_long_abs":4.018958980000004,"profit_total_short_abs":0.0,"cagr":0.05177800938240873,"expectancy":0.12964383806451618,"expectancy_ratio":0.01499354379752571,"sortino":0.2689605179885376,"sharpe":0.3335566436758423,"calmar":5.836240470732587,"sqn":0.0895,"profit_factor":1.0516444286359223,"backtest_start":"2025-06-13 07:05:00","backtest_start_ts":1749798300000,"backtest_end":"2025-07-13 06:55:00","backtest_end_ts":1752389700000,"backtest_days":29,"backtest_run_start_ts":1752390297,"backtest_run_end_ts":1752390298,"trades_per_day":1.07,"market_change":0.17333174688163097,"pairlist":["ETH/USDT:USDT"],"stake_amount":"unlimited","stake_currency":"USDT","stake_currency_decimals":3,"starting_balance":1000,"dry_run_wallet":1000,"final_balance":1004.01895898,"rejected_signals":0,"timedout_entry_orders":0,"timedout_exit_orders":0,"canceled_trade_entries":0,"canceled_entry_orders":0,"replaced_entry_orders":0,"max_open_trades":1,"max_open_trades_setting":3,"timeframe":"5m","timeframe_detail":"","timerange":"","enable_protections":false,"strategy_name":"SampleStrategy","stoploss":-0.1,"trailing_stop":false,"trailing_stop_positive":null,"trailing_stop_positive_offset":0.0,"trailing_only_offset_is_reached":false,"use_custom_stoploss":false,"minimal_roi":{"0":0.02},"use_exit_signal":true,"exit_profit_only":false,"exit_profit_offset":0.0,"ignore_roi_if_entry_signal":false,"trading_mode":"futures","margin_mode":"isolated","periodic_breakdown":{"day":[{"date":"13/06/2025","date_ts":1749772800000,"profit_abs":6.56436783,"wins":1,"draws":0,"losses":0,"trades":1,"profit_factor":0.0},{"date":"14/06/2025","date_ts":1749859200000,"profit_abs":0.0,"wins":0,"draws":0,"losses":0,"trades":0,"profit_factor":0.0},{"date":"15/06/2025","date_ts":1749945600000,"profit_abs":3.13210915,"wins":2,"draws":0,"losses":1,"trades":3,"profit_factor":25.02040428},{"date":"16/06/2025","date_ts":1750032000000,"profit_abs":5.53274752,"wins":1,"draws":0,"losses":0,"trades":1,"profit_factor":0.0},{"date":"17/06/2025","date_ts":1750118400000,"profit_abs":-12.16993806,"wins":0,"draws":0,"losses":1,"trades":1,"profit_factor":0.0},{"date":"18/06/2025","date_ts":1750204800000,"profit_abs":9.65719822,"wins":2,"draws":0,"losses":0,"trades":2,"profit_factor":0.0},{"date":"19/06/2025","date_ts":1750291200000,"profit_abs":1.94183604,"wins":1,"draws":0,"losses":0,"trades":1,"profit_factor":0.0},{"date":"20/06/2025","date_ts":1750377600000,"profit_abs":2.66300181,"wins":1,"draws":0,"losses":0,"trades":1,"profit_factor":0.0},{"date":"21/06/2025","date_ts":1750464000000,"profit_abs":-12.92797897,"wins":0,"draws":0,"losses":1,"trades":1,"profit_factor":0.0},{"date":"22/06/2025","date_ts":1750550400000,"profit_abs":-33.22364391,"wins":0,"draws":0,"losses":1,"trades":1,"profit_factor":0.0},{"date":"23/06/2025","date_ts":1750636800000,"profit_abs":12.80451924,"wins":2,"draws":0,"losses":0,"trades":2,"profit_factor":0.0},{"date":"24/06/2025","date_ts":1750723200000,"profit_abs":6.45392774,"wins":1,"draws":0,"losses":0,"trades":1,"profit_factor":0.0},{"date":"25/06/2025","date_ts":1750809600000,"profit_abs":2.52561359,"wins":1,"draws":0,"losses":0,"trades":1,"profit_factor":0.0},{"date":"26/06/2025","date_ts":1750896000000,"profit_abs":-2.01750061,"wins":0,"draws":0,"losses":1,"trades":1,"profit_factor":0.0},{"date":"27/06/2025","date_ts":1750982400000,"profit_abs":0.0,"wins":0,"draws":0,"losses":0,"trades":0,"profit_factor":0.0},{"date":"28/06/2025","date_ts":1751068800000,"profit_abs":-0.59060218,"wins":0,"draws":0,"losses":1,"trades":1,"profit_factor":0.0},{"date":"29/06/2025","date_ts":1751155200000,"profit_abs":6.23316497,"wins":2,"draws":0,"losses":0,"trades":2,"profit_factor":0.0},{"date":"30/06/2025","date_ts":1751241600000,"profit_abs":1.22698741,"wins":1,"draws":0,"losses":0,"trades":1,"profit_factor":0.0},{"date":"01/07/2025","date_ts":1751328000000,"profit_abs":0.0,"wins":0,"draws":0,"losses":0,"trades":0,"profit_factor":0.0},{"date":"02/07/2025","date_ts":1751414400000,"profit_abs":-5.61634189,"wins":0,"draws":0,"losses":1,"trades":1,"profit_factor":0.0},{"date":"03/07/2025","date_ts":1751500800000,"profit_abs":11.65300096,"wins":2,"draws":0,"losses":0,"trades":2,"profit_factor":0.0},{"date":"04/07/2025","date_ts":1751587200000,"profit_abs":-9.30727182,"wins":0,"draws":0,"losses":1,"trades":1,"profit_factor":0.0},{"date":"05/07/2025","date_ts":1751673600000,"profit_abs":0.50051146,"wins":1,"draws":0,"losses":0,"trades":1,"profit_factor":0.0},{"date":"06/07/2025","date_ts":1751760000000,"profit_abs":4.58498962,"wins":2,"draws":0,"losses":0,"trades":2,"profit_factor":0.0},{"date":"07/07/2025","date_ts":1751846400000,"profit_abs":0.0,"wins":0,"draws":0,"losses":0,"trades":0,"profit_factor":0.0},{"date":"08/07/2025","date_ts":1751932800000,"profit_abs":0.72297401,"wins":1,"draws":0,"losses":0,"trades":1,"profit_factor":0.0},{"date":"09/07/2025","date_ts":1752019200000,"profit_abs":5.51141325,"wins":1,"draws":0,"losses":0,"trades":1,"profit_factor":0.0},{"date":"10/07/2025","date_ts":1752105600000,"profit_abs":0.0,"wins":0,"draws":0,"losses":0,"trades":0,"profit_factor":0.0},{"date":"11/07/2025","date_ts":1752192000000,"profit_abs":0.0,"wins":0,"draws":0,"losses":0,"trades":0,"profit_factor":0.0},{"date":"12/07/2025","date_ts":1752278400000,"profit_abs":0.0,"wins":0,"draws":0,"losses":0,"trades":0,"profit_factor":0.0},{"date":"13/07/2025","date_ts":1752364800000,"profit_abs":-1.8361264,"wins":0,"draws":0,"losses":1,"trades":1,"profit_factor":0.0}],"week":[{"date":"16/06/2025","date_ts":1750032000000,"profit_abs":15.2292245,"wins":4,"draws":0,"losses":1,"trades":5,"profit_factor":117.79418306},{"date":"23/06/2025","date_ts":1750636800000,"profit_abs":-31.25500563,"wins":6,"draws":0,"losses":3,"trades":9,"profit_factor":0.46409175},{"date":"30/06/2025","date_ts":1751241600000,"profit_abs":13.83159092,"wins":5,"draws":0,"losses":2,"trades":7,"profit_factor":6.3033151},{"date":"07/07/2025","date_ts":1751846400000,"profit_abs":1.81488833,"wins":5,"draws":0,"losses":2,"trades":7,"profit_factor":1.12161185},{"date":"14/07/2025","date_ts":1752451200000,"profit_abs":4.39826086,"wins":2,"draws":0,"losses":1,"trades":3,"profit_factor":3.39540201}],"month":[{"date":"30/06/2025","date_ts":1751241600000,"profit_abs":-2.19419021,"wins":15,"draws":0,"losses":6,"trades":21,"profit_factor":0.96406505},{"date":"31/07/2025","date_ts":1753920000000,"profit_abs":6.21314919,"wins":7,"draws":0,"losses":3,"trades":10,"profit_factor":1.37071871}],"year":[{"date":"31/12/2025","date_ts":1767139200000,"profit_abs":4.01895898,"wins":22,"draws":0,"losses":9,"trades":31,"profit_factor":1.05164443}]},"backtest_best_day":0.039910123879318755,"backtest_worst_day":-0.10092355989456667,"backtest_best_day_abs":12.80451924,"backtest_worst_day_abs":-33.22364391,"winning_days":16,"draw_days":7,"losing_days":8,"daily_profit":[["2025-06-13",6.56436783],["2025-06-14",0.0],["2025-06-15",3.13210915],["2025-06-16",5.53274752],["2025-06-17",-12.16993806],["2025-06-18",9.65719822],["2025-06-19",1.94183604],["2025-06-20",2.66300181],["2025-06-21",-12.92797897],["2025-06-22",-33.22364391],["2025-06-23",12.80451924],["2025-06-24",6.45392774],["2025-06-25",2.52561359],["2025-06-26",-2.01750061],["2025-06-27",0.0],["2025-06-28",-0.59060218],["2025-06-29",6.23316497],["2025-06-30",1.22698741],["2025-07-01",0.0],["2025-07-02",-5.61634189],["2025-07-03",11.65300096],["2025-07-04",-9.30727182],["2025-07-05",0.50051146],["2025-07-06",4.58498962],["2025-07-07",0.0],["2025-07-08",0.72297401],["2025-07-09",5.51141325],["2025-07-10",0.0],["2025-07-11",0.0],["2025-07-12",0.0],["2025-07-13",-1.8361264]],"wins":22,"losses":9,"draws":0,"winrate":0.7096774193548387,"holding_avg":"10:32:00","holding_avg_s":37920.0,"winner_holding_min":"0d 00:55","winner_holding_min_s":3300.0,"winner_holding_max":"0d 17:45","winner_holding_max_s":63900.0,"winner_holding_avg":"0d 05:52","winner_holding_avg_s":21120.0,"loser_holding_min":"0d 11:30","loser_holding_min_s":41400.0,"loser_holding_max":"1d 19:05","loser_holding_max_s":155100.0,"loser_holding_avg":"0d 21:57","loser_holding_avg_s":79020.0,"max_consecutive_wins":5,"max_consecutive_losses":2,"max_drawdown_account":0.04536582676369327,"max_relative_drawdown":0.04536582676369327,"max_drawdown_abs":46.15162288,"drawdown_start":"2025-06-20 07:20:00","drawdown_start_ts":1750404000000.0,"drawdown_end":"2025-06-22 13:25:00","drawdown_end_ts":1750598700000.0,"max_drawdown_low":-28.830300369999996,"max_drawdown_high":17.32132251,"csum_min":971.16969963,"csum_max":1017.32132251}},"strategy_comparison":[{"key":"SampleStrategy","trades":31,"profit_mean":0.00047218119405779345,"profit_mean_pct":0.05,"profit_sum":0.014637617015791598,"profit_sum_pct":1.46,"profit_total_abs":4.018958980000004,"profit_total":0.004018958980000004,"profit_total_pct":0.4,"duration_avg":"10:32:00","wins":22,"draws":0,"losses":9,"winrate":0.7096774193548387,"cagr":0.05177800938240873,"expectancy":0.12964383806451618,"expectancy_ratio":0.01499354379752571,"sortino":0.2689605179885376,"sharpe":0.3335566436758423,"calmar":5.836240470732587,"sqn":0.0895,"profit_factor":1.0516444286359223,"max_drawdown_account":0.04536582676369327,"max_drawdown_abs":"46.152"}]}