{"strategy":{"SampleStrategy":{"trades":[{"pair":"BTC/USDT:USDT","stake_amount":320.0796,"max_stake_amount":320.0796,"amount":0.003,"open_date":"2025-06-12 19:55:00+00:00","close_date":"2025-06-13 08:15:00+00:00","open_rate":106693.2,"close_rate":105343.1,"fee_open":0.0005,"fee_close":0.0005,"trade_duration":740,"profit_ratio":-0.013620420578551999,"profit_abs":-4.36179858,"exit_reason":"exit_signal","initial_stop_loss_abs":96023.9,"initial_stop_loss_ratio":-0.1,"stop_loss_abs":96023.9,"stop_loss_ratio":-0.1,"min_rate":102614.0,"max_rate":106929.9,"is_open":false,"enter_tag":"","leverage":1.0,"is_short":false,"open_timestamp":1749758100000,"close_timestamp":1749802500000,"orders":[{"amount":0.003,"safe_price":106693.2,"ft_order_side":"buy","order_filled_timestamp":1749758100000,"ft_is_entry":true,"ft_order_tag":"","cost":320.23963979999996},{"amount":0.003,"safe_price":105343.1,"ft_order_side":"sell","order_filled_timestamp":1749802500000,"ft_is_entry":false,"ft_order_tag":"exit_signal","cost":316.18731465}],"funding_fees":0.006555867608533837},{"pair":"BTC/USDT:USDT","stake_amount":312.3309,"max_stake_amount":312.3309,"amount":0.003,"open_date":"2025-06-13 14:30:00+00:00","close_date":"2025-06-13 16:20:00+00:00","open_rate":104110.3,"close_rate":105890.0,"fee_open":0.0005,"fee_close":0.0005,"trade_duration":110,"profit_ratio":0.016038758701204348,"profit_abs":5.01190464,"exit_reason":"exit_signal","initial_stop_loss_abs":93699.3,"initial_stop_loss_ratio":-0.1,"stop_loss_abs":93699.3,"stop_loss_ratio":-0.1,"min_rate":104069.5,"max_rate":105912.0,"is_open":false,"enter_tag":"","leverage":1.0,"is_short":false,"open_timestamp":1749825000000,"close_timestamp":1749831600000,"orders":[{"amount":0.003,"safe_price":104110.3,"ft_order_side":"buy","order_filled_timestamp":1749825000000,"ft_is_entry":true,"ft_order_tag":"","cost":312.48706545000005},{"amount":0.003,"safe_price":105890.0,"ft_order_side":"sell","order_filled_timestamp":1749831600000,"ft_is_entry":false,"ft_order_tag":"exit_signal","cost":317.828835}],"funding_fees":-0.01219490832},{"pair":"BTC/USDT:USDT","stake_amount":315.0003,"max_stake_amount":315.0003,"amount":0.003,"open_date":"2025-06-14 07:05:00+00:00","close_date":"2025-06-14 22:05:00+00:00","open_rate":105000.1,"close_rate":105437.7,"fee_open":0.0005,"fee_close":0.0005,"trade_duration":900,"profit_ratio":0.003114056512429302,"profit_abs":0.9814192,"exit_reason":"exit_signal","initial_stop_loss_abs":94500.1,"initial_stop_loss_ratio":-0.1,"stop_loss_abs":94500.1,"stop_loss_ratio":-0.1,"min_rate":104225.4,"max_rate":105437.8,"is_open":false,"enter_tag":"","leverage":1.0,"is_short":false,"open_timestamp":1749884700000,"close_timestamp":1749938700000,"orders":[{"amount":0.003,"safe_price":105000.1,"ft_order_side":"buy","order_filled_timestamp":1749884700000,"ft_is_entry":true,"ft_order_tag":"","cost":315.15780015},{"amount":0.003,"safe_price":105437.7,"ft_order_side":"sell","order_filled_timestamp":1749938700000,"ft_is_entry":false,"ft_order_tag":"exit_signal","cost":316.47125655}],"funding_fees":-0.01572410296432009},{"pair":"BTC/USDT:USDT","stake_amount":315.0063,"max_stake_amount":315.0063,"amount":0.003,"open_date":"2025-06-15 09:05:00+00:00","close_date":"2025-06-15 13:10:00+00:00","open_rate":105002.1,"close_rate":105438.9,"fee_open":0.0005,"fee_close":0.0005,"trade_duration":245,"profit_ratio":0.003156258713906182,"profit_abs":0.9947385,"exit_reason":"exit_signal","initial_stop_loss_abs":94501.9,"initial_stop_loss_ratio":-0.1,"stop_loss_abs":94501.9,"stop_loss_ratio":-0.1,"min_rate":104812.2,"max_rate":105499.9,"is_open":false,"enter_tag":"","leverage":1.0,"is_short":false,"open_timestamp":1749978300000,"close_timestamp":1749993000000,"orders":[{"amount":0.003,"safe_price":105002.1,"ft_order_side":"buy","order_filled_timestamp":1749978300000,"ft_is_entry":true,"ft_order_tag":"","cost":315.16380315},{"amount":0.003,"safe_price":105438.9,"ft_order_side":"sell","order_filled_timestamp":1749993000000,"ft_is_entry":false,"ft_order_tag":"exit_signal","cost":316.47485835}],"funding_fees":0.0},{"pair":"BTC/USDT:USDT","stake_amount":315.2877,"max_stake_amount":315.2877,"amount":0.003,"open_date":"2025-06-15 19:45:00+00:00","close_date":"2025-06-15 23:45:00+00:00","open_rate":105095.9,"close_rate":105555.4,"fee_open":0.0005,"fee_close":0.0005,"trade_duration":240,"profit_ratio":0.003368326940673593,"profit_abs":1.06252305,"exit_reason":"exit_signal","initial_stop_loss_abs":94586.4,"initial_stop_loss_ratio":-0.1,"stop_loss_abs":94586.4,"stop_loss_ratio":-0.1,"min_rate":104399.9,"max_rate":105571.4,"is_open":false,"enter_tag":"","leverage":1.0,"is_short":false,"open_timestamp":1750016700000,"close_timestamp":1750031100000,"orders":[{"amount":0.003,"safe_price":105095.9,"ft_order_side":"buy","order_filled_timestamp":1750016700000,"ft_is_entry":true,"ft_order_tag":"","cost":315.44534385},{"amount":0.003,"safe_price":105555.4,"ft_order_side":"sell","order_filled_timestamp":1750031100000,"ft_is_entry":false,"ft_order_tag":"exit_signal","cost":316.8245331}],"funding_fees":0.0},{"pair":"BTC/USDT:USDT","stake_amount":319.6269,"max_stake_amount":319.6269,"amount":0.003,"open_date":"2025-06-16 11:25:00+00:00","close_date":"2025-06-16 14:00:00+00:00","open_rate":106542.3,"close_rate":107109.1,"fee_open":0.0005,"fee_close":0.0005,"trade_duration":155,"profit_ratio":0.004315135188428511,"profit_abs":1.3799229,"exit_reason":"exit_signal","initial_stop_loss_abs":95888.1,"initial_stop_loss_ratio":-0.1,"stop_loss_abs":95888.1,"stop_loss_ratio":-0.1,"min_rate":106446.6,"max_rate":107187.4,"is_open":false,"enter_tag":"","leverage":1.0,"is_short":false,"open_timestamp":1750073100000,"close_timestamp":1750082400000,"orders":[{"amount":0.003,"safe_price":106542.3,"ft_order_side":"buy","order_filled_timestamp":1750073100000,"ft_is_entry":true,"ft_order_tag":"","cost":319.78671345000004},{"amount":0.003,"safe_price":107109.1,"ft_order_side":"sell","order_filled_timestamp":1750082400000,"ft_is_entry":false,"ft_order_tag":"exit_signal","cost":321.48796365000004}],"funding_fees":0.0},{"pair":"BTC/USDT:USDT","stake_amount":323.8296,"max_stake_amount":323.8296,"amount":0.003,"open_date":"2025-06-16 22:40:00+00:00","close_date":"2025-06-17 19:05:00+00:00","open_rate":107943.2,"close_rate":104750.1,"fee_open":0.0005,"fee_close":0.0005,"trade_duration":1225,"profit_ratio":-0.030647894362695202,"profit_abs":-9.92965772,"exit_reason":"exit_signal","initial_stop_loss_abs":97148.9,"initial_stop_loss_ratio":-0.1,"stop_loss_abs":97148.9,"stop_loss_ratio":-0.1,"min_rate":103300.0,"max_rate":108000.0,"is_open":false,"enter_tag":"","leverage":1.0,"is_short":false,"open_timestamp":1750113600000,"close_timestamp":1750187100000,"orders":[{"amount":0.003,"safe_price":107943.2,"ft_order_side":"buy","order_filled_timestamp":1750113600000,"ft_is_entry":true,"ft_order_tag":"","cost":323.99151479999995},{"amount":0.003,"safe_price":104750.1,"ft_order_side":"sell","order_filled_timestamp":1750187100000,"ft_is_entry":false,"ft_order_tag":"exit_signal","cost":314.40742515}],"funding_fees":-0.03131777049647945},{"pair":"BTC/USDT:USDT","stake_amount":314.8707,"max_stake_amount":314.8707,"amount":0.003,"open_date":"2025-06-18 06:50:00+00:00","close_date":"2025-06-19 17:50:00+00:00","open_rate":104956.9,"close_rate":104709.6,"fee_open":0.0005,"fee_close":0.0005,"trade_duration":2100,"profit_ratio":-0.0034953409122541724,"profit_abs":-1.10113073,"exit_reason":"exit_signal","initial_stop_loss_abs":94461.3,"initial_stop_loss_ratio":-0.1,"stop_loss_abs":94461.3,"stop_loss_ratio":-0.1,"min_rate":103426.1,"max_rate":105300.0,"is_open":false,"enter_tag":"","leverage":1.0,"is_short":false,"open_timestamp":1750229400000,"close_timestamp":1750355400000,"orders":[{"amount":0.003,"safe_price":104956.9,"ft_order_side":"buy","order_filled_timestamp":1750229400000,"ft_is_entry":true,"ft_order_tag":"","cost":315.02813534999996},{"amount":0.003,"safe_price":104709.6,"ft_order_side":"sell","order_filled_timestamp":1750355400000,"ft_is_entry":false,"ft_order_tag":"exit_signal","cost":314.2858644}],"funding_fees":-0.04473097685027139},{"pair":"BTC/USDT:USDT","stake_amount":312.9297,"max_stake_amount":312.9297,"amount":0.003,"open_date":"2025-06-20 04:45:00+00:00","close_date":"2025-06-20 06:05:00+00:00","open_rate":104309.9,"close_rate":104699.9,"fee_open":0.0005,"fee_close":0.0005,"trade_duration":80,"profit_ratio":0.0027356216791321435,"profit_abs":0.8564853,"exit_reason":"exit_signal","initial_stop_loss_abs":93879.0,"initial_stop_loss_ratio":-0.1,"stop_loss_abs":93879.0,"stop_loss_ratio":-0.1,"min_rate":104185.3,"max_rate":104733.4,"is_open":false,"enter_tag":"","leverage":1.0,"is_short":false,"open_timestamp":1750394700000,"close_timestamp":1750399500000,"orders":[{"amount":0.003,"safe_price":104309.9,"ft_order_side":"buy","order_filled_timestamp":1750394700000,"ft_is_entry":true,"ft_order_tag":"","cost":313.08616484999993},{"amount":0.003,"safe_price":104699.9,"ft_order_side":"sell","order_filled_timestamp":1750399500000,"ft_is_entry":false,"ft_order_tag":"exit_signal","cost":314.25674984999995}],"funding_fees":0.0},{"pair":"BTC/USDT:USDT","stake_amount":315.4209,"max_stake_amount":315.4209,"amount":0.003,"open_date":"2025-06-20 14:25:00+00:00","close_date":"2025-06-21 08:55:00+00:00","open_rate":105140.3,"close_rate":103616.1,"fee_open":0.0005,"fee_close":0.0005,"trade_duration":1110,"profit_ratio":-0.015563632474952488,"profit_abs":-4.91154951,"exit_reason":"exit_signal","initial_stop_loss_abs":94626.3,"initial_stop_loss_ratio":-0.1,"stop_loss_abs":94626.3,"stop_loss_ratio":-0.1,"min_rate":102255.3,"max_rate":105424.7,"is_open":false,"enter_tag":"","leverage":1.0,"is_short":false,"open_timestamp":1750429500000,"close_timestamp":1750496100000,"orders":[{"amount":0.003,"safe_price":105140.3,"ft_order_side":"buy","order_filled_timestamp":1750429500000,"ft_is_entry":true,"ft_order_tag":"","cost":315.57861045},{"amount":0.003,"safe_price":103616.1,"ft_order_side":"sell","order_filled_timestamp":1750496100000,"ft_is_entry":false,"ft_order_tag":"exit_signal","cost":311.00372415000004}],"funding_fees":-0.025814913041638132},{"pair":"BTC/USDT:USDT","stake_amount":310.5372,"max_stake_amount":310.5372,"amount":0.003,"open_date":"2025-06-21 13:55:00+00:00","close_date":"2025-06-22 22:10:00+00:00","open_rate":103512.4,"close_rate":100260.6,"fee_open":0.0005,"fee_close":0.0005,"trade_duration":1935,"profit_ratio":-0.03262391587949808,"profit_abs":-10.13600496,"exit_reason":"exit_signal","initial_stop_loss_abs":93161.2,"initial_stop_loss_ratio":-0.1,"stop_loss_abs":93161.2,"stop_loss_ratio":-0.1,"min_rate":98115.4,"max_rate":103729.3,"is_open":false,"enter_tag":"","leverage":1.0,"is_short":false,"open_timestamp":1750514100000,"close_timestamp":1750630200000,"orders":[{"amount":0.003,"safe_price":103512.4,"ft_order_side":"buy","order_filled_timestamp":1750514100000,"ft_is_entry":true,"ft_order_tag":"","cost":310.6924686},{"amount":0.003,"safe_price":100260.6,"ft_order_side":"sell","order_filled_timestamp":1750630200000,"ft_is_entry":false,"ft_order_tag":"exit_signal","cost":300.9321909}],"funding_fees":-0.07494545629022303},{"pair":"BTC/USDT:USDT","stake_amount":303.4893,"max_stake_amount":303.4893,"amount":0.003,"open_date":"2025-06-23 10:45:00+00:00","close_date":"2025-06-23 13:50:00+00:00","open_rate":101163.1,"close_rate":102082.4,"fee_open":0.0005,"fee_close":0.0005,"trade_duration":185,"profit_ratio":0.00807872253511561,"profit_abs":2.45303175,"exit_reason":"exit_signal","initial_stop_loss_abs":91046.8,"initial_stop_loss_ratio":-0.1,"stop_loss_abs":91046.8,"stop_loss_ratio":-0.1,"min_rate":100749.8,"max_rate":102376.9,"is_open":false,"enter_tag":"","leverage":1.0,"is_short":false,"open_timestamp":1750675500000,"close_timestamp":1750686600000,"orders":[{"amount":0.003,"safe_price":101163.1,"ft_order_side":"buy","order_filled_timestamp":1750675500000,"ft_is_entry":true,"ft_order_tag":"","cost":303.64104464999997},{"amount":0.003,"safe_price":102082.4,"ft_order_side":"sell","order_filled_timestamp":1750686600000,"ft_is_entry":false,"ft_order_tag":"exit_signal","cost":306.4003235999999}],"funding_fees":0.0},{"pair":"BTC/USDT:USDT","stake_amount":301.6026,"max_stake_amount":301.6026,"amount":0.003,"open_date":"2025-06-23 16:25:00+00:00","close_date":"2025-06-23 17:35:00+00:00","open_rate":100534.2,"close_rate":102646.47433716856,"fee_open":0.0005,"fee_close":0.0005,"trade_duration":70,"profit_ratio":0.01999000499750125,"profit_abs":6.032052,"exit_reason":"roi","initial_stop_loss_abs":90480.8,"initial_stop_loss_ratio":-0.1,"stop_loss_abs":90480.8,"stop_loss_ratio":-0.1,"min_rate":99547.6,"max_rate":102668.8,"is_open":false,"enter_tag":"","leverage":1.0,"is_short":false,"open_timestamp":1750695900000,"close_timestamp":1750700100000,"orders":[{"amount":0.003,"safe_price":100534.2,"ft_order_side":"buy","order_filled_timestamp":1750695900000,"ft_is_entry":true,"ft_order_tag":"","cost":301.75340129999995},{"amount":0.003,"safe_price":102646.47433716856,"ft_order_side":"sell","order_filled_timestamp":1750700100000,"ft_is_entry":false,"ft_order_tag":"roi","cost":308.09339272301145}],"funding_fees":0.0},{"pair":"BTC/USDT:USDT","stake_amount":314.142,"max_stake_amount":314.142,"amount":0.003,"open_date":"2025-06-24 08:20:00+00:00","close_date":"2025-06-24 16:55:00+00:00","open_rate":104714.0,"close_rate":105966.9,"fee_open":0.0005,"fee_close":0.0005,"trade_duration":515,"profit_ratio":0.010949024249581697,"profit_abs":3.44126815,"exit_reason":"exit_signal","initial_stop_loss_abs":94242.6,"initial_stop_loss_ratio":-0.1,"stop_loss_abs":94242.6,"stop_loss_ratio":-0.1,"min_rate":104700.0,"max_rate":106222.0,"is_open":false,"enter_tag":"","leverage":1.0,"is_short":false,"open_timestamp":1750753200000,"close_timestamp":1750784100000,"orders":[{"amount":0.003,"safe_price":104714.0,"ft_order_side":"buy","order_filled_timestamp":1750753200000,"ft_is_entry":true,"ft_order_tag":"","cost":314.29907099999997},{"amount":0.003,"safe_price":105966.9,"ft_order_side":"sell","order_filled_timestamp":1750784100000,"ft_is_entry":false,"ft_order_tag":"exit_signal","cost":318.05965034999997}],"funding_fees":-0.0014104969793524225},{"pair":"BTC/USDT:USDT","stake_amount":322.1922,"max_stake_amount":322.1922,"amount":0.003,"open_date":"2025-06-26 09:10:00+00:00","close_date":"2025-06-26 20:45:00+00:00","open_rate":107397.4,"close_rate":107912.8,"fee_open":0.0005,"fee_close":0.0005,"trade_duration":695,"profit_ratio":0.0037878941359458305,"profit_abs":1.22104016,"exit_reason":"exit_signal","initial_stop_loss_abs":96657.7,"initial_stop_loss_ratio":-0.1,"stop_loss_abs":96657.7,"stop_loss_ratio":-0.1,"min_rate":106500.0,"max_rate":107971.3,"is_open":false,"enter_tag":"","leverage":1.0,"is_short":false,"open_timestamp":1750929000000,"close_timestamp":1750970700000,"orders":[{"amount":0.003,"safe_price":107397.4,"ft_order_side":"buy","order_filled_timestamp":1750929000000,"ft_is_entry":true,"ft_order_tag":"","cost":322.3532961},{"amount":0.003,"safe_price":107912.8,"ft_order_side":"sell","order_filled_timestamp":1750970700000,"ft_is_entry":false,"ft_order_tag":"exit_signal","cost":323.90026919999997}],"funding_fees":-0.002194537554},{"pair":"BTC/USDT:USDT","stake_amount":319.413,"max_stake_amount":319.413,"amount":0.003,"open_date":"2025-06-27 01:10:00+00:00","close_date":"2025-06-27 03:55:00+00:00","open_rate":106471.0,"close_rate":107450.5,"fee_open":0.0005,"fee_close":0.0005,"trade_duration":165,"profit_ratio":0.008190992837493775,"profit_abs":2.61761775,"exit_reason":"exit_signal","initial_stop_loss_abs":95824.0,"initial_stop_loss_ratio":-0.1,"stop_loss_abs":95824.0,"stop_loss_ratio":-0.1,"min_rate":106471.0,"max_rate":107462.5,"is_open":false,"enter_tag":"","leverage":1.0,"is_short":false,"open_timestamp":1750986600000,"close_timestamp":1750996500000,"orders":[{"amount":0.003,"safe_price":106471.0,"ft_order_side":"buy","order_filled_timestamp":1750986600000,"ft_is_entry":true,"ft_order_tag":"","cost":319.5727065},{"amount":0.003,"safe_price":107450.5,"ft_order_side":"sell","order_filled_timestamp":1750996500000,"ft_is_entry":false,"ft_order_tag":"exit_signal","cost":322.51267574999997}],"funding_fees":0.0},{"pair":"BTC/USDT:USDT","stake_amount":320.4681,"max_stake_amount":320.4681,"amount":0.003,"open_date":"2025-06-27 07:55:00+00:00","close_date":"2025-06-27 15:55:00+00:00","open_rate":106822.7,"close_rate":107345.0,"fee_open":0.0005,"fee_close":0.0005,"trade_duration":480,"profit_ratio":0.0038584062249691253,"profit_abs":1.23711436,"exit_reason":"exit_signal","initial_stop_loss_abs":96140.5,"initial_stop_loss_ratio":-0.1,"stop_loss_abs":96140.5,"stop_loss_ratio":-0.1,"min_rate":106313.1,"max_rate":107378.6,"is_open":false,"enter_tag":"","leverage":1.0,"is_short":false,"open_timestamp":1751010900000,"close_timestamp":1751039700000,"orders":[{"amount":0.003,"safe_price":106822.7,"ft_order_side":"buy","order_filled_timestamp":1751010900000,"ft_is_entry":true,"ft_order_tag":"","cost":320.62833405},{"amount":0.003,"safe_price":107345.0,"ft_order_side":"sell","order_filled_timestamp":1751039700000,"ft_is_entry":false,"ft_order_tag":"exit_signal","cost":322.1960175}],"funding_fees":-0.008534088812933511},{"pair":"BTC/USDT:USDT","stake_amount":319.467,"max_stake_amount":319.467,"amount":0.003,"open_date":"2025-06-27 17:50:00+00:00","close_date":"2025-06-28 04:00:00+00:00","open_rate":106489.0,"close_rate":107248.0,"fee_open":0.0005,"fee_close":0.0005,"trade_duration":610,"profit_ratio":0.006132532089966748,"profit_abs":1.9601212,"exit_reason":"exit_signal","initial_stop_loss_abs":95840.1,"initial_stop_loss_ratio":-0.1,"stop_loss_abs":95840.1,"stop_loss_ratio":-0.1,"min_rate":106373.3,"max_rate":107313.4,"is_open":false,"enter_tag":"","leverage":1.0,"is_short":false,"open_timestamp":1751046600000,"close_timestamp":1751083200000,"orders":[{"amount":0.003,"safe_price":106489.0,"ft_order_side":"buy","order_filled_timestamp":1751046600000,"ft_is_entry":true,"ft_order_tag":"","cost":319.62673349999994},{"amount":0.003,"safe_price":107248.0,"ft_order_side":"sell","order_filled_timestamp":1751083200000,"ft_is_entry":false,"ft_order_tag":"exit_signal","cost":321.904872}],"funding_fees":0.003726702027},{"pair":"BTC/USDT:USDT","stake_amount":321.3933,"max_stake_amount":321.3933,"amount":0.003,"open_date":"2025-06-28 13:30:00+00:00","close_date":"2025-06-28 16:00:00+00:00","open_rate":107131.1,"close_rate":107407.7,"fee_open":0.0005,"fee_close":0.0005,"trade_duration":150,"profit_ratio":0.001535370249300243,"profit_abs":0.49370444,"exit_reason":"exit_signal","initial_stop_loss_abs":96418.0,"initial_stop_loss_ratio":-0.1,"stop_loss_abs":96418.0,"stop_loss_ratio":-0.1,"min_rate":107039.8,"max_rate":107538.0,"is_open":false,"enter_tag":"","leverage":1.0,"is_short":false,"open_timestamp":1751117400000,"close_timestamp":1751126400000,"orders":[{"amount":0.003,"safe_price":107131.1,"ft_order_side":"buy","order_filled_timestamp":1751117400000,"ft_is_entry":true,"ft_order_tag":"","cost":321.55399665},{"amount":0.003,"safe_price":107407.7,"ft_order_side":"sell","order_filled_timestamp":1751126400000,"ft_is_entry":false,"ft_order_tag":"exit_signal","cost":322.38421155}],"funding_fees":-0.014287358952000001},{"pair":"BTC/USDT:USDT","stake_amount":321.384,"max_stake_amount":321.384,"amount":0.003,"open_date":"2025-06-29 02:05:00+00:00","close_date":"2025-06-29 07:00:00+00:00","open_rate":107128.0,"close_rate":107328.7,"fee_open":0.0005,"fee_close":0.0005,"trade_duration":295,"profit_ratio":0.0008720870130239936,"profit_abs":0.28041495,"exit_reason":"exit_signal","initial_stop_loss_abs":96415.2,"initial_stop_loss_ratio":-0.1,"stop_loss_abs":96415.2,"stop_loss_ratio":-0.1,"min_rate":107112.6,"max_rate":107342.7,"is_open":false,"enter_tag":"","leverage":1.0,"is_short":false,"open_timestamp":1751162700000,"close_timestamp":1751180400000,"orders":[{"amount":0.003,"safe_price":107128.0,"ft_order_side":"buy","order_filled_timestamp":1751162700000,"ft_is_entry":true,"ft_order_tag":"","cost":321.544692},{"amount":0.003,"safe_price":107328.7,"ft_order_side":"sell","order_filled_timestamp":1751180400000,"ft_is_entry":false,"ft_order_tag":"exit_signal","cost":322.14709305}],"funding_fees":0.0},{"pair":"BTC/USDT:USDT","stake_amount":322.5171,"max_stake_amount":322.5171,"amount":0.003,"open_date":"2025-06-29 16:25:00+00:00","close_date":"2025-06-29 22:20:00+00:00","open_rate":107505.7,"close_rate":107868.4,"fee_open":0.0005,"fee_close":0.0005,"trade_duration":355,"profit_ratio":0.0023709022614277833,"profit_abs":0.76503885,"exit_reason":"exit_signal","initial_stop_loss_abs":96755.2,"initial_stop_loss_ratio":-0.1,"stop_loss_abs":96755.2,"stop_loss_ratio":-0.1,"min_rate":107203.8,"max_rate":107920.0,"is_open":false,"enter_tag":"","leverage":1.0,"is_short":false,"open_timestamp":1751214300000,"close_timestamp":1751235600000,"orders":[{"amount":0.003,"safe_price":107505.7,"ft_order_side":"buy","order_filled_timestamp":1751214300000,"ft_is_entry":true,"ft_order_tag":"","cost":322.6783585499999},{"amount":0.003,"safe_price":107868.4,"ft_order_side":"sell","order_filled_timestamp":1751235600000,"ft_is_entry":false,"ft_order_tag":"exit_signal","cost":323.76700259999996}],"funding_fees":0.0},{"pair":"BTC/USDT:USDT","stake_amount":324.4305,"max_stake_amount":324.4305,"amount":0.003,"open_date":"2025-06-30 05:35:00+00:00","close_date":"2025-06-30 11:20:00+00:00","open_rate":108143.5,"close_rate":107770.1,"fee_open":0.0005,"fee_close":0.0005,"trade_duration":345,"profit_ratio":-0.004478285129967962,"profit_abs":-1.45361873,"exit_reason":"exit_signal","initial_stop_loss_abs":97329.2,"initial_stop_loss_ratio":-0.1,"stop_loss_abs":97329.2,"stop_loss_ratio":-0.1,"min_rate":107320.0,"max_rate":108261.7,"is_open":false,"enter_tag":"","leverage":1.0,"is_short":false,"open_timestamp":1751261700000,"close_timestamp":1751282400000,"orders":[{"amount":0.003,"safe_price":108143.5,"ft_order_side":"buy","order_filled_timestamp":1751261700000,"ft_is_entry":true,"ft_order_tag":"","cost":324.59271524999997},{"amount":0.003,"safe_price":107770.1,"ft_order_side":"sell","order_filled_timestamp":1751282400000,"ft_is_entry":false,"ft_order_tag":"exit_signal","cost":323.47195515000004}],"funding_fees":-0.009548332002},{"pair":"BTC/USDT:USDT","stake_amount":321.3972,"max_stake_amount":321.3972,"amount":0.003,"open_date":"2025-06-30 14:10:00+00:00","close_date":"2025-07-01 14:15:00+00:00","open_rate":107132.4,"close_rate":107071.9,"fee_open":0.0005,"fee_close":0.0005,"trade_duration":1445,"profit_ratio":-0.0016668852867046322,"profit_abs":-0.53600013,"exit_reason":"exit_signal","initial_stop_loss_abs":96419.2,"initial_stop_loss_ratio":-0.1,"stop_loss_abs":96419.2,"stop_loss_ratio":-0.1,"min_rate":106222.0,"max_rate":107775.0,"is_open":false,"enter_tag":"","leverage":1.0,"is_short":false,"open_timestamp":1751292600000,"close_timestamp":1751379300000,"orders":[{"amount":0.003,"safe_price":107132.4,"ft_order_side":"buy","order_filled_timestamp":1751292600000,"ft_is_entry":true,"ft_order_tag":"","cost":321.5578986},{"amount":0.003,"safe_price":107071.9,"ft_order_side":"sell","order_filled_timestamp":1751379300000,"ft_is_entry":false,"ft_order_tag":"exit_signal","cost":321.37630784999993}],"funding_fees":-0.03319367833452333},{"pair":"BTC/USDT:USDT","stake_amount":317.3199,"max_stake_amount":317.3199,"amount":0.003,"open_date":"2025-07-01 14:50:00+00:00","close_date":"2025-07-02 05:00:00+00:00","open_rate":105773.3,"close_rate":106344.0,"fee_open":0.0005,"fee_close":0.0005,"trade_duration":850,"profit_ratio":0.004361472284043602,"profit_abs":1.38467394,"exit_reason":"exit_signal","initial_stop_loss_abs":95196.0,"initial_stop_loss_ratio":-0.1,"stop_loss_abs":95196.0,"stop_loss_ratio":-0.1,"min_rate":105010.0,"max_rate":106344.0,"is_open":false,"enter_tag":"","leverage":1.0,"is_short":false,"open_timestamp":1751381400000,"close_timestamp":1751432400000,"orders":[{"amount":0.003,"safe_price":105773.3,"ft_order_side":"buy","order_filled_timestamp":1751381400000,"ft_is_entry":true,"ft_order_tag":"","cost":317.47855995},{"amount":0.003,"safe_price":106344.0,"ft_order_side":"sell","order_filled_timestamp":1751432400000,"ft_is_entry":false,"ft_order_tag":"exit_signal","cost":319.191516}],"funding_fees":-0.009250108638},{"pair":"BTC/USDT:USDT","stake_amount":321.6621,"max_stake_amount":321.6621,"amount":0.003,"open_date":"2025-07-02 12:20:00+00:00","close_date":"2025-07-02 15:20:00+00:00","open_rate":107220.7,"close_rate":108420.0,"fee_open":0.0005,"fee_close":0.0005,"trade_duration":180,"profit_ratio":0.010174660144063093,"profit_abs":3.27443895,"exit_reason":"exit_signal","initial_stop_loss_abs":96498.7,"initial_stop_loss_ratio":-0.1,"stop_loss_abs":96498.7,"stop_loss_ratio":-0.1,"min_rate":107132.3,"max_rate":108479.0,"is_open":false,"enter_tag":"","leverage":1.0,"is_short":false,"open_timestamp":1751458800000,"close_timestamp":1751469600000,"orders":[{"amount":0.003,"safe_price":107220.7,"ft_order_side":"buy","order_filled_timestamp":1751458800000,"ft_is_entry":true,"ft_order_tag":"","cost":321.82293104999997},{"amount":0.003,"safe_price":108420.0,"ft_order_side":"sell","order_filled_timestamp":1751469600000,"ft_is_entry":false,"ft_order_tag":"exit_signal","cost":325.42262999999997}],"funding_fees":0.0},{"pair":"BTC/USDT:USDT","stake_amount":326.0694,"max_stake_amount":326.0694,"amount":0.003,"open_date":"2025-07-02 23:45:00+00:00","close_date":"2025-07-03 05:35:00+00:00","open_rate":108689.8,"close_rate":109190.8,"fee_open":0.0005,"fee_close":0.0005,"trade_duration":350,"profit_ratio":0.003556605771179624,"profit_abs":1.16028016,"exit_reason":"exit_signal","initial_stop_loss_abs":97820.9,"initial_stop_loss_ratio":-0.1,"stop_loss_abs":97820.9,"stop_loss_ratio":-0.1,"min_rate":108480.6,"max_rate":109229.4,"is_open":false,"enter_tag":"","leverage":1.0,"is_short":false,"open_timestamp":1751499900000,"close_timestamp":1751520900000,"orders":[{"amount":0.003,"safe_price":108689.8,"ft_order_side":"buy","order_filled_timestamp":1751499900000,"ft_is_entry":true,"ft_order_tag":"","cost":326.2324347},{"amount":0.003,"safe_price":109190.8,"ft_order_side":"sell","order_filled_timestamp":1751520900000,"ft_is_entry":false,"ft_order_tag":"exit_signal","cost":327.7361862}],"funding_fees":-0.015898944},{"pair":"BTC/USDT:USDT","stake_amount":326.7273,"max_stake_amount":326.7273,"amount":0.003,"open_date":"2025-07-03 12:40:00+00:00","close_date":"2025-07-03 13:50:00+00:00","open_rate":108909.1,"close_rate":110274.4,"fee_open":0.0005,"fee_close":0.0005,"trade_duration":70,"profit_ratio":0.011524112398735985,"profit_abs":3.76712475,"exit_reason":"exit_signal","initial_stop_loss_abs":98018.2,"initial_stop_loss_ratio":-0.1,"stop_loss_abs":98018.2,"stop_loss_ratio":-0.1,"min_rate":108706.0,"max_rate":110415.5,"is_open":false,"enter_tag":"","leverage":1.0,"is_short":false,"open_timestamp":1751546400000,"close_timestamp":1751550600000,"orders":[{"amount":0.003,"safe_price":108909.1,"ft_order_side":"buy","order_filled_timestamp":1751546400000,"ft_is_entry":true,"ft_order_tag":"","cost":326.89066365},{"amount":0.003,"safe_price":110274.4,"ft_order_side":"sell","order_filled_timestamp":1751550600000,"ft_is_entry":false,"ft_order_tag":"exit_signal","cost":330.98861159999996}],"funding_fees":0.0},{"pair":"BTC/USDT:USDT","stake_amount":327.3897,"max_stake_amount":327.3897,"amount":0.003,"open_date":"2025-07-04 02:35:00+00:00","close_date":"2025-07-04 22:10:00+00:00","open_rate":109129.9,"close_rate":107993.0,"fee_open":0.0005,"fee_close":0.0005,"trade_duration":1175,"profit_ratio":-0.011474498140131243,"profit_abs":-3.75851082,"exit_reason":"exit_signal","initial_stop_loss_abs":98217.0,"initial_stop_loss_ratio":-0.1,"stop_loss_abs":98217.0,"stop_loss_ratio":-0.1,"min_rate":107200.0,"max_rate":109340.1,"is_open":false,"enter_tag":"","leverage":1.0,"is_short":false,"open_timestamp":1751596500000,"close_timestamp":1751667000000,"orders":[{"amount":0.003,"safe_price":109129.9,"ft_order_side":"buy","order_filled_timestamp":1751596500000,"ft_is_entry":true,"ft_order_tag":"","cost":327.55339484999996},{"amount":0.003,"safe_price":107993.0,"ft_order_side":"sell","order_filled_timestamp":1751667000000,"ft_is_entry":false,"ft_order_tag":"exit_signal","cost":324.1409895}],"funding_fees":-0.022126468597778347},{"pair":"BTC/USDT:USDT","stake_amount":323.6091,"max_stake_amount":323.6091,"amount":0.003,"open_date":"2025-07-05 16:35:00+00:00","close_date":"2025-07-06 06:20:00+00:00","open_rate":107869.7,"close_rate":108107.8,"fee_open":0.0005,"fee_close":0.0005,"trade_duration":825,"profit_ratio":0.0011861349324571357,"profit_abs":0.38403598,"exit_reason":"exit_signal","initial_stop_loss_abs":97082.8,"initial_stop_loss_ratio":-0.1,"stop_loss_abs":97082.8,"stop_loss_ratio":-0.1,"min_rate":107809.2,"max_rate":108211.0,"is_open":false,"enter_tag":"","leverage":1.0,"is_short":false,"open_timestamp":1751733300000,"close_timestamp":1751782800000,"orders":[{"amount":0.003,"safe_price":107869.7,"ft_order_side":"buy","order_filled_timestamp":1751733300000,"ft_is_entry":true,"ft_order_tag":"","cost":323.77090455},{"amount":0.003,"safe_price":108107.8,"ft_order_side":"sell","order_filled_timestamp":1751782800000,"ft_is_entry":false,"ft_order_tag":"exit_signal","cost":324.48556169999995}],"funding_fees":-0.006297772481999999},{"pair":"BTC/USDT:USDT","stake_amount":323.4897,"max_stake_amount":323.4897,"amount":0.003,"open_date":"2025-07-06 09:50:00+00:00","close_date":"2025-07-06 12:45:00+00:00","open_rate":107829.9,"close_rate":108120.7,"fee_open":0.0005,"fee_close":0.0005,"trade_duration":175,"profit_ratio":0.0016946443735302854,"profit_abs":0.5484741,"exit_reason":"exit_signal","initial_stop_loss_abs":97047.0,"initial_stop_loss_ratio":-0.1,"stop_loss_abs":97047.0,"stop_loss_ratio":-0.1,"min_rate":107743.4,"max_rate":108156.0,"is_open":false,"enter_tag":"","leverage":1.0,"is_short":false,"open_timestamp":1751795400000,"close_timestamp":1751805900000,"orders":[{"amount":0.003,"safe_price":107829.9,"ft_order_side":"buy","order_filled_timestamp":1751795400000,"ft_is_entry":true,"ft_order_tag":"","cost":323.65144484999996},{"amount":0.003,"safe_price":108120.7,"ft_order_side":"sell","order_filled_timestamp":1751805900000,"ft_is_entry":false,"ft_order_tag":"exit_signal","cost":324.52428104999996}],"funding_fees":0.0},{"pair":"BTC/USDT:USDT","stake_amount":325.2942,"max_stake_amount":325.2942,"amount":0.003,"open_date":"2025-07-06 18:35:00+00:00","close_date":"2025-07-06 21:25:00+00:00","open_rate":108431.4,"close_rate":108969.6,"fee_open":0.0005,"fee_close":0.0005,"trade_duration":170,"profit_ratio":0.003959045604605441,"profit_abs":1.2884985,"exit_reason":"exit_signal","initial_stop_loss_abs":97588.3,"initial_stop_loss_ratio":-0.1,"stop_loss_abs":97588.3,"stop_loss_ratio":-0.1,"min_rate":108209.6,"max_rate":109300.0,"is_open":false,"enter_tag":"","leverage":1.0,"is_short":false,"open_timestamp":1751826900000,"close_timestamp":1751837100000,"orders":[{"amount":0.003,"safe_price":108431.4,"ft_order_side":"buy","order_filled_timestamp":1751826900000,"ft_is_entry":true,"ft_order_tag":"","cost":325.45684709999995},{"amount":0.003,"safe_price":108969.6,"ft_order_side":"sell","order_filled_timestamp":1751837100000,"ft_is_entry":false,"ft_order_tag":"exit_signal","cost":327.0722544}],"funding_fees":0.0},{"pair":"BTC/USDT:USDT","stake_amount":326.3229,"max_stake_amount":326.3229,"amount":0.003,"open_date":"2025-07-07 06:45:00+00:00","close_date":"2025-07-08 06:05:00+00:00","open_rate":108774.3,"close_rate":108198.0,"fee_open":0.0005,"fee_close":0.0005,"trade_duration":1400,"profit_ratio":-0.006379923083849618,"profit_abs":-2.08295596,"exit_reason":"exit_signal","initial_stop_loss_abs":97896.9,"initial_stop_loss_ratio":-0.1,"stop_loss_abs":97896.9,"stop_loss_ratio":-0.1,"min_rate":107400.0,"max_rate":109041.2,"is_open":false,"enter_tag":"","leverage":1.0,"is_short":false,"open_timestamp":1751870700000,"close_timestamp":1751954700000,"orders":[{"amount":0.003,"safe_price":108774.3,"ft_order_side":"buy","order_filled_timestamp":1751870700000,"ft_is_entry":true,"ft_order_tag":"","cost":326.48606144999997},{"amount":0.003,"safe_price":108198.0,"ft_order_side":"sell","order_filled_timestamp":1751954700000,"ft_is_entry":false,"ft_order_tag":"exit_signal","cost":324.75629699999996}],"funding_fees":-0.028597513312997883},{"pair":"BTC/USDT:USDT","stake_amount":325.2339,"max_stake_amount":325.2339,"amount":0.003,"open_date":"2025-07-09 03:15:00+00:00","close_date":"2025-07-09 05:40:00+00:00","open_rate":108411.3,"close_rate":108818.9,"fee_open":0.0005,"fee_close":0.0005,"trade_duration":145,"profit_ratio":0.0027564975446182326,"profit_abs":0.8969547,"exit_reason":"exit_signal","initial_stop_loss_abs":97570.2,"initial_stop_loss_ratio":-0.1,"stop_loss_abs":97570.2,"stop_loss_ratio":-0.1,"min_rate":108273.5,"max_rate":108900.0,"is_open":false,"enter_tag":"","leverage":1.0,"is_short":false,"open_timestamp":1752030900000,"close_timestamp":1752039600000,"orders":[{"amount":0.003,"safe_price":108411.3,"ft_order_side":"buy","order_filled_timestamp":1752030900000,"ft_is_entry":true,"ft_order_tag":"","cost":325.39651695},{"amount":0.003,"safe_price":108818.9,"ft_order_side":"sell","order_filled_timestamp":1752039600000,"ft_is_entry":false,"ft_order_tag":"exit_signal","cost":326.61992835}],"funding_fees":0.0},{"pair":"BTC/USDT:USDT","stake_amount":325.6974,"max_stake_amount":325.6974,"amount":0.003,"open_date":"2025-07-09 14:40:00+00:00","close_date":"2025-07-09 19:20:00+00:00","open_rate":108565.8,"close_rate":109929.4,"fee_open":0.0005,"fee_close":0.0005,"trade_duration":280,"profit_ratio":0.011505384148440932,"profit_abs":3.74914734,"exit_reason":"exit_signal","initial_stop_loss_abs":97709.3,"initial_stop_loss_ratio":-0.1,"stop_loss_abs":97709.3,"stop_loss_ratio":-0.1,"min_rate":108505.7,"max_rate":110193.9,"is_open":false,"enter_tag":"","leverage":1.0,"is_short":false,"open_timestamp":1752072000000,"close_timestamp":1752088800000,"orders":[{"amount":0.003,"safe_price":108565.8,"ft_order_side":"buy","order_filled_timestamp":1752072000000,"ft_is_entry":true,"ft_order_tag":"","cost":325.8602487},{"amount":0.003,"safe_price":109929.4,"ft_order_side":"sell","order_filled_timestamp":1752088800000,"ft_is_entry":false,"ft_order_tag":"exit_signal","cost":329.9530941}],"funding_fees":-0.013909861800000001},{"pair":"BTC/USDT:USDT","stake_amount":332.5899,"max_stake_amount":332.5899,"amount":0.003,"open_date":"2025-07-10 10:50:00+00:00","close_date":"2025-07-10 16:25:00+00:00","open_rate":110863.3,"close_rate":112260.4,"fee_open":0.0005,"fee_close":0.0005,"trade_duration":335,"profit_ratio":0.011570756182551425,"profit_abs":3.8502408,"exit_reason":"exit_signal","initial_stop_loss_abs":99777.0,"initial_stop_loss_ratio":-0.1,"stop_loss_abs":99777.0,"stop_loss_ratio":-0.1,"min_rate":110432.2,"max_rate":112510.0,"is_open":false,"enter_tag":"","leverage":1.0,"is_short":false,"open_timestamp":1752144600000,"close_timestamp":1752164700000,"orders":[{"amount":0.003,"safe_price":110863.3,"ft_order_side":"buy","order_filled_timestamp":1752144600000,"ft_is_entry":true,"ft_order_tag":"","cost":332.75619495},{"amount":0.003,"safe_price":112260.4,"ft_order_side":"sell","order_filled_timestamp":1752164700000,"ft_is_entry":false,"ft_order_tag":"exit_signal","cost":336.9495906}],"funding_fees":-0.006373645380000001},{"pair":"BTC/USDT:USDT","stake_amount":233.5126,"max_stake_amount":233.5126,"amount":0.002,"open_date":"2025-07-11 16:10:00+00:00","close_date":"2025-07-12 06:40:00+00:00","open_rate":116756.3,"close_rate":117928.0,"fee_open":0.0005,"fee_close":0.0005,"trade_duration":870,"profit_ratio":0.008925314365556039,"profit_abs":2.08521545,"exit_reason":"exit_signal","initial_stop_loss_abs":105080.7,"initial_stop_loss_ratio":-0.1,"stop_loss_abs":105080.7,"stop_loss_ratio":-0.1,"min_rate":116611.1,"max_rate":118128.0,"is_open":false,"enter_tag":"","leverage":1.0,"is_short":false,"open_timestamp":1752250200000,"close_timestamp":1752302400000,"orders":[{"amount":0.002,"safe_price":116756.3,"ft_order_side":"buy","order_filled_timestamp":1752250200000,"ft_is_entry":true,"ft_order_tag":"","cost":233.6293563},{"amount":0.002,"safe_price":117928.0,"ft_order_side":"sell","order_filled_timestamp":1752302400000,"ft_is_entry":false,"ft_order_tag":"exit_signal","cost":235.97392799999997}],"funding_fees":-0.023500253376812},{"pair":"BTC/USDT:USDT","stake_amount":234.916,"max_stake_amount":234.916,"amount":0.002,"open_date":"2025-07-12 12:40:00+00:00","close_date":"2025-07-12 15:40:00+00:00","open_rate":117458.0,"close_rate":117062.2,"fee_open":0.0005,"fee_close":0.0005,"trade_duration":180,"profit_ratio":-0.004365847350975877,"profit_abs":-1.0261202,"exit_reason":"force_exit","initial_stop_loss_abs":105712.2,"initial_stop_loss_ratio":-0.1,"stop_loss_abs":105712.2,"stop_loss_ratio":-0.1,"min_rate":116909.0,"max_rate":117718.1,"is_open":false,"enter_tag":"","leverage":1.0,"is_short":false,"open_timestamp":1752324000000,"close_timestamp":1752334800000,"orders":[{"amount":0.002,"safe_price":117458.0,"ft_order_side":"buy","order_filled_timestamp":1752324000000,"ft_is_entry":true,"ft_order_tag":"","cost":235.033458},{"amount":0.002,"safe_price":117062.2,"ft_order_side":"sell","order_filled_timestamp":1752334800000,"ft_is_entry":false,"ft_order_tag":"force_exit","cost":234.2414622}],"funding_fees":0.0}],"locks":[],"best_pair":{"key":"BTC/USDT:USDT","trades":37,"profit_mean":0.0012268129427108285,"profit_mean_pct":0.12,"profit_sum":0.045392078880300654,"profit_sum_pct":4.54,"profit_total_abs":13.880134529999998,"profit_total":0.013880134529999998,"profit_total_pct":1.39,"duration_avg":"9:32:00","wins":27,"draws":0,"losses":10,"winrate":0.7297297297297297,"cagr":0.18945703617666187,"expectancy":0.37513877108108096,"expectancy_ratio":0.09546160147538374,"sortino":2.717953104803534,"sharpe":2.6934988252542458,"calmar":36.438525317420314,"sqn":0.663,"profit_factor":1.3532079254589198,"max_drawdown_account":0.025094660072819786,"max_drawdown_abs":25.22185762},"worst_pair":{"key":"BTC/USDT:USDT","trades":37,"profit_mean":0.0012268129427108285,"profit_mean_pct":0.12,"profit_sum":0.045392078880300654,"profit_sum_pct":4.54,"profit_total_abs":13.880134529999998,"profit_total":0.013880134529999998,"profit_total_pct":1.39,"duration_avg":"9:32:00","wins":27,"draws":0,"losses":10,"winrate":0.7297297297297297,"cagr":0.18945703617666187,"expectancy":0.37513877108108096,"expectancy_ratio":0.09546160147538374,"sortino":2.717953104803534,"sharpe":2.6934988252542458,"calmar":36.438525317420314,"sqn":0.663,"profit_factor":1.3532079254589198,"max_drawdown_account":0.025094660072819786,"max_drawdown_abs":25.22185762},"results_per_pair":[{"key":"BTC/USDT:USDT","trades":37,"profit_mean":0.0012268129427108285,"profit_mean_pct":0.12,"profit_sum":0.045392078880300654,"profit_sum_pct":4.54,"profit_total_abs":13.880134529999998,"profit_total":0.013880134529999998,"profit_total_pct":1.39,"duration_avg":"9:32:00","wins":27,"draws":0,"losses":10,"winrate":0.7297297297297297,"cagr":0.18945703617666187,"expectancy":0.37513877108108096,"expectancy_ratio":0.09546160147538374,"sortino":2.717953104803534,"sharpe":2.6934988252542458,"calmar":36.438525317420314,"sqn":0.663,"profit_factor":1.3532079254589198,"max_drawdown_account":0.025094660072819786,"max_drawdown_abs":25.22185762},{"key":"TOTAL","trades":37,"profit_mean":0.0012268129427108285,"profit_mean_pct":0.12,"profit_sum":0.045392078880300654,"profit_sum_pct":4.54,"profit_total_abs":13.880134529999998,"profit_total":0.013880134529999998,"profit_total_pct":1.39,"duration_avg":"9:32:00","wins":27,"draws":0,"losses":10,"winrate":0.7297297297297297,"cagr":0.18945703617666187,"expectancy":0.37513877108108096,"expectancy_ratio":0.09546160147538374,"sortino":2.717953104803534,"sharpe":2.6934988252542458,"calmar":36.438525317420314,"sqn":0.663,"profit_factor":1.3532079254589198,"max_drawdown_account":0.025094660072819786,"max_drawdown_abs":25.22185762}],"results_per_enter_tag":[{"key":"","trades":37,"profit_mean":0.0012268129427108285,"profit_mean_pct":0.12,"profit_sum":0.045392078880300654,"profit_sum_pct":4.54,"profit_total_abs":13.880134529999998,"profit_total":0.013880134529999998,"profit_total_pct":1.39,"duration_avg":"9:32:00","wins":27,"draws":0,"losses":10,"winrate":0.7297297297297297,"cagr":0.18945703617666187,"expectancy":0.37513877108108096,"expectancy_ratio":0.09546160147538374,"sortino":2.717953104803534,"sharpe":2.6934988252542458,"calmar":36.438525317420314,"sqn":0.663,"profit_factor":1.3532079254589198,"max_drawdown_account":0.025094660072819786,"max_drawdown_abs":25.22185762},{"key":"TOTAL","trades":37,"profit_mean":0.0012268129427108285,"profit_mean_pct":0.12,"profit_sum":0.045392078880300654,"profit_sum_pct":4.54,"profit_total_abs":13.880134529999998,"profit_total":0.013880134529999998,"profit_total_pct":1.39,"duration_avg":"9:32:00","wins":27,"draws":0,"losses":10,"winrate":0.7297297297297297,"cagr":0.18945703617666187,"expectancy":0.37513877108108096,"expectancy_ratio":0.09546160147538374,"sortino":2.717953104803534,"sharpe":2.6934988252542458,"calmar":36.438525317420314,"sqn":0.663,"profit_factor":1.3532079254589198,"max_drawdown_account":0.025094660072819786,"max_drawdown_abs":25.22185762}],"exit_reason_summary":[{"key":"exit_signal","trades":35,"profit_mean":0.0008505120352507223,"profit_mean_pct":0.09,"profit_sum":0.02976792123377528,"profit_sum_pct":2.98,"profit_total_abs":8.874202729999999,"profit_total":0.008874202729999999,"profit_total_pct":0.89,"duration_avg":"9:57:00","wins":26,"draws":0,"losses":9,"winrate":0.7428571428571429,"cagr":0.11761826628810912,"expectancy":0.2535486494285717,"expectancy_ratio":0.059625416151658284,"sortino":1.7213058771928786,"sharpe":1.7470078936410485,"calmar":23.296810283079118,"sqn":0.4418,"profit_factor":1.2318766183675605,"max_drawdown_account":0.025094660072819786,"max_drawdown_abs":25.22185762},{"key":"roi","trades":1,"profit_mean":0.01999000499750125,"profit_mean_pct":2.0,"profit_sum":0.01999000499750125,"profit_sum_pct":2.0,"profit_total_abs":6.032052,"profit_total":0.006032052,"profit_total_pct":0.6,"duration_avg":"1:10:00","wins":1,"draws":0,"losses":0,"winrate":1.0,"cagr":0.07863094391997305,"expectancy":6.032052,"expectancy_ratio":100.0,"sortino":-100,"sharpe":-100,"calmar":-100,"sqn":-100.0,"profit_factor":0.0,"max_drawdown_account":0.0,"max_drawdown_abs":0.0},{"key":"force_exit","trades":1,"profit_mean":-0.004365847350975877,"profit_mean_pct":-0.44,"profit_sum":-0.004365847350975877,"profit_sum_pct":-0.44,"profit_total_abs":-1.0261202,"profit_total":-0.0010261202,"profit_total_pct":-0.1,"duration_avg":"3:00:00","wins":0,"draws":0,"losses":1,"winrate":0.0,"cagr":-0.012838466480303845,"expectancy":-1.0261202,"expectancy_ratio":-1.0,"sortino":-100,"sharpe":-100,"calmar":-65.87921784324868,"sqn":-100.0,"profit_factor":0.0,"max_drawdown_account":0.0010261202000000367,"max_drawdown_abs":1.0261202},{"key":"TOTAL","trades":37,"profit_mean":0.0012268129427108285,"profit_mean_pct":0.12,"profit_sum":0.045392078880300654,"profit_sum_pct":4.54,"profit_total_abs":13.880134529999998,"profit_total":0.013880134529999998,"profit_total_pct":1.39,"duration_avg":"9:32:00","wins":27,"draws":0,"losses":10,"winrate":0.7297297297297297,"cagr":0.18945703617666187,"expectancy":0.37513877108108096,"expectancy_ratio":0.09546160147538374,"sortino":2.717953104803534,"sharpe":2.6934988252542458,"calmar":36.438525317420314,"sqn":0.663,"profit_factor":1.3532079254589198,"max_drawdown_account":0.025094660072819786,"max_drawdown_abs":25.22185762}],"mix_tag_stats":[{"key":["","exit_signal"],"trades":35,"profit_mean":0.0008505120352507223,"profit_mean_pct":0.09,"profit_sum":0.02976792123377528,"profit_sum_pct":2.98,"profit_total_abs":8.874202729999999,"profit_total":0.008874202729999999,"profit_total_pct":0.89,"duration_avg":"9:57:00","wins":26,"draws":0,"losses":9,"winrate":0.7428571428571429,"cagr":0.11761826628810912,"expectancy":0.2535486494285717,"expectancy_ratio":0.059625416151658284,"sortino":1.7213058771928786,"sharpe":1.7470078936410485,"calmar":23.296810283079118,"sqn":0.4418,"profit_factor":1.2318766183675605,"max_drawdown_account":0.025094660072819786,"max_drawdown_abs":25.22185762},{"key":["","roi"],"trades":1,"profit_mean":0.01999000499750125,"profit_mean_pct":2.0,"profit_sum":0.01999000499750125,"profit_sum_pct":2.0,"profit_total_abs":6.032052,"profit_total":0.006032052,"profit_total_pct":0.6,"duration_avg":"1:10:00","wins":1,"draws":0,"losses":0,"winrate":1.0,"cagr":0.07863094391997305,"expectancy":6.032052,"expectancy_ratio":100.0,"sortino":-100,"sharpe":-100,"calmar":-100,"sqn":-100.0,"profit_factor":0.0,"max_drawdown_account":0.0,"max_drawdown_abs":0.0},{"key":["","force_exit"],"trades":1,"profit_mean":-0.004365847350975877,"profit_mean_pct":-0.44,"profit_sum":-0.004365847350975877,"profit_sum_pct":-0.44,"profit_total_abs":-1.0261202,"profit_total":-0.0010261202,"profit_total_pct":-0.1,"duration_avg":"3:00:00","wins":0,"draws":0,"losses":1,"winrate":0.0,"cagr":-0.012838466480303845,"expectancy":-1.0261202,"expectancy_ratio":-1.0,"sortino":-100,"sharpe":-100,"calmar":-65.87921784324868,"sqn":-100.0,"profit_factor":0.0,"max_drawdown_account":0.0010261202000000367,"max_drawdown_abs":1.0261202},{"key":"TOTAL","trades":37,"profit_mean":0.0012268129427108285,"profit_mean_pct":0.12,"profit_sum":0.045392078880300654,"profit_sum_pct":4.54,"profit_total_abs":13.880134529999998,"profit_total":0.013880134529999998,"profit_total_pct":1.39,"duration_avg":"9:32:00","wins":27,"draws":0,"losses":10,"winrate":0.7297297297297297,"cagr":0.18945703617666187,"expectancy":0.37513877108108096,"expectancy_ratio":0.09546160147538374,"sortino":2.717953104803534,"sharpe":2.6934988252542458,"calmar":36.438525317420314,"sqn":0.663,"profit_factor":1.3532079254589198,"max_drawdown_account":0.025094660072819786,"max_drawdown_abs":25.22185762}],"left_open_trades":[{"key":"BTC/USDT:USDT","trades":1,"profit_mean":-0.004365847350975877,"profit_mean_pct":-0.44,"profit_sum":-0.004365847350975877,"profit_sum_pct":-0.44,"profit_total_abs":-1.0261202,"profit_total":-0.0010261202,"profit_total_pct":-0.1,"duration_avg":"3:00:00","wins":0,"draws":0,"losses":1,"winrate":0.0,"cagr":-0.012838466480303845,"expectancy":-1.0261202,"expectancy_ratio":-1.0,"sortino":-100,"sharpe":-100,"calmar":-65.87921784324868,"sqn":-100.0,"profit_factor":0.0,"max_drawdown_account":0.0010261202000000367,"max_drawdown_abs":1.0261202},{"key":"TOTAL","trades":1,"profit_mean":-0.004365847350975877,"profit_mean_pct":-0.44,"profit_sum":-0.004365847350975877,"profit_sum_pct":-0.44,"profit_total_abs":-1.0261202,"profit_total":-0.0010261202,"profit_total_pct":-0.1,"duration_avg":"3:00:00","wins":0,"draws":0,"losses":1,"winrate":0.0,"cagr":-0.012838466480303845,"expectancy":-1.0261202,"expectancy_ratio":-1.0,"sortino":-100,"sharpe":-100,"calmar":-65.87921784324868,"sqn":-100.0,"profit_factor":0.0,"max_drawdown_account":0.0010261202000000367,"max_drawdown_abs":1.0261202}],"total_trades":37,"trade_count_long":37,"trade_count_short":0,"total_volume":23350.909342873012,"avg_stake_amount":315.04459999999995,"profit_mean":0.0012268129427108285,"profit_median":0.003156258713906182,"profit_total":0.013880134529999998,"profit_total_long":0.013880134529999998,"profit_total_short":0.0,"profit_total_abs":13.880134529999998,"profit_total_long_abs":13.880134529999998,"profit_total_short_abs":0.0,"cagr":0.18945703617666187,"expectancy":0.37513877108108096,"expectancy_ratio":0.09546160147538374,"sortino":2.717953104803534,"sharpe":2.6934988252542458,"calmar":36.438525317420314,"sqn":0.663,"profit_factor":1.3532079254589198,"backtest_start":"2025-06-12 15:50:00","backtest_start_ts":1749743400000,"backtest_end":"2025-07-12 15:40:00","backtest_end_ts":1752334800000,"backtest_days":29,"backtest_run_start_ts":1752336176,"backtest_run_end_ts":1752336176,"trades_per_day":1.28,"market_change":0.09374070617194356,"pairlist":["BTC/USDT:USDT"],"stake_amount":"unlimited","stake_currency":"USDT","stake_currency_decimals":3,"starting_balance":1000,"dry_run_wallet":1000,"final_balance":1013.88013453,"rejected_signals":0,"timedout_entry_orders":0,"timedout_exit_orders":0,"canceled_trade_entries":0,"canceled_entry_orders":0,"replaced_entry_orders":0,"max_open_trades":1,"max_open_trades_setting":3,"timeframe":"5m","timeframe_detail":"","timerange":"","enable_protections":false,"strategy_name":"SampleStrategy","stoploss":-0.1,"trailing_stop":false,"trailing_stop_positive":null,"trailing_stop_positive_offset":0.0,"trailing_only_offset_is_reached":false,"use_custom_stoploss":false,"minimal_roi":{"0":0.02},"use_exit_signal":true,"exit_profit_only":false,"exit_profit_offset":0.0,"ignore_roi_if_entry_signal":false,"trading_mode":"futures","margin_mode":"isolated","periodic_breakdown":{"day":[{"date":"13/06/2025","date_ts":1749772800000,"profit_abs":0.65010606,"wins":1,"draws":0,"losses":1,"trades":2,"profit_factor":1.14904541},{"date":"14/06/2025","date_ts":1749859200000,"profit_abs":0.9814192,"wins":1,"draws":0,"losses":0,"trades":1,"profit_factor":0.0},{"date":"15/06/2025","date_ts":1749945600000,"profit_abs":2.05726155,"wins":2,"draws":0,"losses":0,"trades":2,"profit_factor":0.0},{"date":"16/06/2025","date_ts":1750032000000,"profit_abs":1.3799229,"wins":1,"draws":0,"losses":0,"trades":1,"profit_factor":0.0},{"date":"17/06/2025","date_ts":1750118400000,"profit_abs":-9.92965772,"wins":0,"draws":0,"losses":1,"trades":1,"profit_factor":0.0},{"date":"18/06/2025","date_ts":1750204800000,"profit_abs":0.0,"wins":0,"draws":0,"losses":0,"trades":0,"profit_factor":0.0},{"date":"19/06/2025","date_ts":1750291200000,"profit_abs":-1.10113073,"wins":0,"draws":0,"losses":1,"trades":1,"profit_factor":0.0},{"date":"20/06/2025","date_ts":1750377600000,"profit_abs":0.8564853,"wins":1,"draws":0,"losses":0,"trades":1,"profit_factor":0.0},{"date":"21/06/2025","date_ts":1750464000000,"profit_abs":-4.91154951,"wins":0,"draws":0,"losses":1,"trades":1,"profit_factor":0.0},{"date":"22/06/2025","date_ts":1750550400000,"profit_abs":-10.13600496,"wins":0,"draws":0,"losses":1,"trades":1,"profit_factor":0.0},{"date":"23/06/2025","date_ts":1750636800000,"profit_abs":8.48508375,"wins":2,"draws":0,"losses":0,"trades":2,"profit_factor":0.0},{"date":"24/06/2025","date_ts":1750723200000,"profit_abs":3.44126815,"wins":1,"draws":0,"losses":0,"trades":1,"profit_factor":0.0},{"date":"25/06/2025","date_ts":1750809600000,"profit_abs":0.0,"wins":0,"draws":0,"losses":0,"trades":0,"profit_factor":0.0},{"date":"26/06/2025","date_ts":1750896000000,"profit_abs":1.22104016,"wins":1,"draws":0,"losses":0,"trades":1,"profit_factor":0.0},{"date":"27/06/2025","date_ts":1750982400000,"profit_abs":3.85473211,"wins":2,"draws":0,"losses":0,"trades":2,"profit_factor":0.0},{"date":"28/06/2025","date_ts":1751068800000,"profit_abs":2.45382564,"wins":2,"draws":0,"losses":0,"trades":2,"profit_factor":0.0},{"date":"29/06/2025","date_ts":1751155200000,"profit_abs":1.0454538,"wins":2,"draws":0,"losses":0,"trades":2,"profit_factor":0.0},{"date":"30/06/2025","date_ts":1751241600000,"profit_abs":-1.45361873,"wins":0,"draws":0,"losses":1,"trades":1,"profit_factor":0.0},{"date":"01/07/2025","date_ts":1751328000000,"profit_abs":-0.53600013,"wins":0,"draws":0,"losses":1,"trades":1,"profit_factor":0.0},{"date":"02/07/2025","date_ts":1751414400000,"profit_abs":4.65911289,"wins":2,"draws":0,"losses":0,"trades":2,"profit_factor":0.0},{"date":"03/07/2025","date_ts":1751500800000,"profit_abs":4.92740491,"wins":2,"draws":0,"losses":0,"trades":2,"profit_factor":0.0},{"date":"04/07/2025","date_ts":1751587200000,"profit_abs":-3.75851082,"wins":0,"draws":0,"losses":1,"trades":1,"profit_factor":0.0},{"date":"05/07/2025","date_ts":1751673600000,"profit_abs":0.0,"wins":0,"draws":0,"losses":0,"trades":0,"profit_factor":0.0},{"date":"06/07/2025","date_ts":1751760000000,"profit_abs":2.22100858,"wins":3,"draws":0,"losses":0,"trades":3,"profit_factor":0.0},{"date":"07/07/2025","date_ts":1751846400000,"profit_abs":0.0,"wins":0,"draws":0,"losses":0,"trades":0,"profit_factor":0.0},{"date":"08/07/2025","date_ts":1751932800000,"profit_abs":-2.08295596,"wins":0,"draws":0,"losses":1,"trades":1,"profit_factor":0.0},{"date":"09/07/2025","date_ts":1752019200000,"profit_abs":4.64610204,"wins":2,"draws":0,"losses":0,"trades":2,"profit_factor":0.0},{"date":"10/07/2025","date_ts":1752105600000,"profit_abs":3.8502408,"wins":1,"draws":0,"losses":0,"trades":1,"profit_factor":0.0},{"date":"11/07/2025","date_ts":1752192000000,"profit_abs":0.0,"wins":0,"draws":0,"losses":0,"trades":0,"profit_factor":0.0},{"date":"12/07/2025","date_ts":1752278400000,"profit_abs":1.05909525,"wins":1,"draws":0,"losses":1,"trades":2,"profit_factor":2.03213566}],"week":[{"date":"16/06/2025","date_ts":1750032000000,"profit_abs":5.06870971,"wins":5,"draws":0,"losses":1,"trades":6,"profit_factor":2.16206872},{"date":"23/06/2025","date_ts":1750636800000,"profit_abs":-16.73677387,"wins":3,"draws":0,"losses":4,"trades":7,"profit_factor":0.35821176},{"date":"30/06/2025","date_ts":1751241600000,"profit_abs":10.56270113,"wins":8,"draws":0,"losses":1,"trades":9,"profit_factor":8.26648667},{"date":"07/07/2025","date_ts":1751846400000,"profit_abs":7.51301543,"wins":7,"draws":0,"losses":2,"trades":9,"profit_factor":2.7494461},{"date":"14/07/2025","date_ts":1752451200000,"profit_abs":7.47248213,"wins":4,"draws":0,"losses":2,"trades":6,"profit_factor":3.40344133}],"month":[{"date":"30/06/2025","date_ts":1751241600000,"profit_abs":-1.10536303,"wins":16,"draws":0,"losses":6,"trades":22,"profit_factor":0.96534234},{"date":"31/07/2025","date_ts":1753920000000,"profit_abs":14.98549756,"wins":11,"draws":0,"losses":4,"trades":15,"profit_factor":3.02408607}],"year":[{"date":"31/12/2025","date_ts":1767139200000,"profit_abs":13.88013453,"wins":27,"draws":0,"losses":10,"trades":37,"profit_factor":1.35320793}]},"backtest_best_day":0.028068727532616862,"backtest_worst_day":-0.03262391587949808,"backtest_best_day_abs":8.48508375,"backtest_worst_day_abs":-10.13600496,"winning_days":17,"draw_days":5,"losing_days":8,"daily_profit":[["2025-06-13",0.65010606],["2025-06-14",0.9814192],["2025-06-15",2.05726155],["2025-06-16",1.3799229],["2025-06-17",-9.92965772],["2025-06-18",0.0],["2025-06-19",-1.10113073],["2025-06-20",0.8564853],["2025-06-21",-4.91154951],["2025-06-22",-10.13600496],["2025-06-23",8.48508375],["2025-06-24",3.44126815],["2025-06-25",0.0],["2025-06-26",1.22104016],["2025-06-27",3.85473211],["2025-06-28",2.45382564],["2025-06-29",1.0454538],["2025-06-30",-1.45361873],["2025-07-01",-0.53600013],["2025-07-02",4.65911289],["2025-07-03",4.92740491],["2025-07-04",-3.75851082],["2025-07-05",0.0],["2025-07-06",2.22100858],["2025-07-07",0.0],["2025-07-08",-2.08295596],["2025-07-09",4.64610204],["2025-07-10",3.8502408],["2025-07-11",0.0],["2025-07-12",1.05909525]],"wins":27,"losses":10,"draws":0,"winrate":0.7297297297297297,"holding_avg":"9:32:00","holding_avg_s":34320.0,"winner_holding_min":"0d 01:10","winner_holding_min_s":4200.0,"winner_holding_max":"0d 15:00","winner_holding_max_s":54000.0,"winner_holding_avg":"0d 05:52","winner_holding_avg_s":21120.0,"loser_holding_min":"0d 03:00","loser_holding_min_s":10800.0,"loser_holding_max":"1d 11:00","loser_holding_max_s":126000.0,"loser_holding_avg":"0d 19:26","loser_holding_avg_s":69960.0,"max_consecutive_wins":10,"max_consecutive_losses":2,"max_drawdown_account":0.025094660072819786,"max_relative_drawdown":0.025094660072819786,"max_drawdown_abs":25.22185762,"drawdown_start":"2025-06-16 14:00:00","drawdown_start_ts":1750082400000.0,"drawdown_end":"2025-06-22 22:10:00","drawdown_end_ts":1750630200000.0,"max_drawdown_low":-20.15314791,"max_drawdown_high":5.06870971,"csum_min":979.84685209,"csum_max":1014.90625473}},"strategy_comparison":[{"key":"SampleStrategy","trades":37,"profit_mean":0.0012268129427108285,"profit_mean_pct":0.12,"profit_sum":0.045392078880300654,"profit_sum_pct":4.54,"profit_total_abs":13.880134529999998,"profit_total":0.013880134529999998,"profit_total_pct":1.39,"duration_avg":"9:32:00","wins":27,"draws":0,"losses":10,"winrate":0.7297297297297297,"cagr":0.18945703617666187,"expectancy":0.37513877108108096,"expectancy_ratio":0.09546160147538374,"sortino":2.717953104803534,"sharpe":2.6934988252542458,"calmar":36.438525317420314,"sqn":0.663,"profit_factor":1.3532079254589198,"max_drawdown_account":0.025094660072819786,"max_drawdown_abs":"25.222"}]}