{"$schema":"https://schema.freqtrade.io/schema.json","max_open_trades":3,"stake_currency":"USDT","stake_amount":"unlimited","tradable_balance_ratio":0.99,"fiat_display_currency":"USD","dry_run":true,"dry_run_wallet":1000,"cancel_open_orders_on_exit":false,"trading_mode":"futures","margin_mode":"isolated","unfilledtimeout":{"entry":10,"exit":10,"exit_timeout_count":0,"unit":"minutes"},"entry_pricing":{"price_side":"same","use_order_book":true,"order_book_top":1,"price_last_balance":0.0,"check_depth_of_market":{"enabled":false,"bids_to_ask_delta":1}},"exit_pricing":{"price_side":"same","use_order_book":true,"order_book_top":1},"exchange":{"name":"binance","skip_pair_validation":true,"pair_whitelist":["BTC/USDT:USDT"]},"pair_whitelist":["BTC/USDT:USDT","ETH/USDT:USDT"],"pairlists":[{"method":"StaticPairList","allow_inactive":true}],"telegram":{"enabled":false,"token":"REDACTED","chat_id":"REDACTED"},"api_server":{"enabled":false,"listen_ip_address":"127.0.0.1","listen_port":8080,"verbosity":"error","enable_openapi":false,"jwt_secret_key":"a9844aac8fb9cd82f2deda57997f2898cf5cbc164526042f37f7b6f383dff4c6","ws_token":"pFpcH1E1f0AjisuYC0n6LEjhbL1Fsu_KQQ","CORS_origins":[],"username":"","password":"REDACTED"},"bot_name":"freqtrade","initial_state":"running","force_entry_enable":false,"internals":{"process_throttle_secs":5},"config_files":["user_data/config.json"]}